model,checkpoint,ec,tax,split,n_generated,frac_terminated,frac_good,n_good,frac_enzymes,n_enzymes,average_accuracy_level,frac_ec_correct,n_ec_correct,ec_enrichment,frac_tax_mapped,frac_tax_correct,n_tax_correct,tax_enrichment,frac_both_correct,both_enrichment,avg_max_id,frac_70clusters,frac_90clusters,generated_ECs,both_count,ec_count,tax_count,average_prediction_similarity,similarity_to_train
ec+tax-swissprot-lowbacteria_20240824-202511,ba11000,7.1.1.2,2.1224.1236.2887326.468.469.470,train_common,900,0.6855555555555556,0.35444444444444445,319,0.780564263322884,249,2.7228915662650603,0.6224899598393574,155,88.2947388439552,0.8232931726907631,0.2570281124497992,64,0.37984681618443317,0.1606425702811245,6135.060240963856,0.5825141204819276,0.4779116465863454,0.8714859437751004,"['7.1.1.2', '2.7.8.13', '5.3.1.16', '7.1.1.2', '7.1.1.-', '7.1.1.2', '7.1.1.2', '5.3.1.16', '2.1.1.-; 3.4.23.43', '5.3.1.16', '7.1.1.2', '7.1.1.2', '7.1.1.2', '7.1.1.2', '2.1.1.-; 3.4.23.43', '7.1.1.2', '7.1.1.2', '7.1.1.2', '7.1.1.2', '2.1.2.10', '7.1.1.2', '7.1.1.2', '7.1.1.2', '7.1.1.2', '2.7.1.-; 2.7.1.17', '7.1.1.2', '7.1.1.2', '7.1.1.-', '7.1.1.2', '7.1.1.2', '7.1.1.2', '7.1.1.-', '7.1.1.2', '7.1.1.2', '7.1.1.-', '2.1.1.-; 3.4.23.43', '7.1.1.-', '7.1.1.2', '7.1.1.2', '2.7.8.33', '7.1.1.2', '2.7.8.33', '7.1.1.2', '5.3.1.16', '2.1.1.-; 3.4.23.43', '7.1.1.2', '5.3.1.16', '7.1.1.2', '7.1.1.-', '2.3.1.275', '7.1.1.2', '2.1.1.-; 3.4.23.43', '7.1.1.2', '2.7.8.13', '7.1.1.2', '7.1.1.2', '2.7.8.13', '7.1.1.-', '7.1.1.-', '1.14.14.151', '7.1.1.2', '7.1.1.2', '7.1.1.2', '7.1.1.2', '7.1.1.2', '7.1.1.2', '7.1.1.2', '2.7.1.17', '7.1.1.2', '7.1.1.2', '3.4.16.4', '7.1.1.2', '7.1.1.2', '7.1.1.2', '7.1.1.2', '7.1.2.2', '7.1.1.2', '1.1.1.27', '7.1.1.2', '7.1.1.2', '7.1.1.2', '7.1.1.2', '7.1.1.2', '7.1.1.2', '7.1.1.-', '5.3.1.16', '7.1.1.2', '4.1.3.4', '7.1.1.2', '4.3.2.10', '7.1.1.2', '7.1.1.2', '5.3.1.16', '5.3.1.16', '5.3.1.16', '7.1.1.2', '7.1.1.2', '7.1.1.2', '7.1.1.2', '7.1.1.2', '7.1.1.2', '7.1.1.2', '7.1.1.2', '2.7.4.6', '7.1.1.2', '7.1.1.2', '7.1.1.2', '5.3.1.16', '7.1.1.2', '7.1.1.2', '7.2.2.-', '5.3.1.16', '7.1.1.2', '7.1.1.2', '5.3.1.16', '7.1.1.2', '7.1.1.2', '7.1.1.2', '7.1.1.2', '7.1.1.2', '7.1.1.2', '2.7.8.33', '2.7.8.13', '5.3.1.16', '7.1.1.2', '2.1.1.-; 3.4.23.43', '7.1.1.2', '7.1.1.2', '5.3.1.16', '7.1.1.2', '7.1.1.2', '7.1.1.2', '7.1.1.2', '7.1.1.2', '5.3.1.16', '5.3.1.16', '7.1.1.2', '7.1.1.2', '2.7.7.13; 5.3.1.8', '2.7.8.33', '7.1.1.2', '7.1.1.2', '7.1.1.-', '2.7.8.13', '5.3.1.16', '7.1.1.2', '7.1.1.2', '1.3.1.76; 2.1.1.107; 4.99.1.4', '7.1.1.2', '7.1.1.2', '7.1.1.2', '7.1.1.-', '2.1.1.-; 3.4.23.43', '7.3.2.2', '2.7.8.5', '7.1.1.2', '5.3.1.16', '7.1.1.2', '5.3.1.16', '7.1.1.-', '2.7.8.33', '6.1.1.16', '7.1.1.2', '7.1.1.2', '7.1.1.2', '7.1.1.2', '7.1.1.2', '7.1.1.2', '2.7.1.-; 2.7.1.17', '2.1.1.-; 3.4.23.43', '2.7.1.17', '7.1.1.2', '7.1.1.2', '7.1.1.2', '5.3.1.16', '7.1.1.2', '2.7.1.17', '7.1.1.2', '2.5.1.145', '7.1.1.2', '7.1.1.2', '7.1.1.2', '7.1.1.2', '7.1.1.2', '7.1.1.2', '7.1.1.-', '5.3.1.16', '5.3.1.16', '5.3.1.16', '7.1.1.2', '7.1.1.2', '7.1.1.2', '7.1.1.2', '7.1.1.2', '7.1.1.2', '7.1.1.2', '7.1.1.2', '2.7.8.13', '7.1.1.2', '7.1.1.2', '7.1.1.2', '7.1.1.2', '5.3.1.16', '7.1.1.2', '7.1.1.2', '7.1.1.2', '7.1.1.2', '7.1.1.-', '7.1.1.2', '7.1.1.2', '5.3.1.16', '2.7.8.33', '7.1.1.2', '7.1.1.2', '7.1.1.2', '7.1.1.2', '5.3.1.16', '7.1.1.-', '7.1.1.-', '7.1.1.2', '7.1.1.2', '7.1.1.2', '7.1.1.2', '5.3.1.16', '7.1.1.2', '7.1.1.2', '7.1.1.2', '5.3.1.16', '7.1.1.2', '5.1.3.2', '5.3.1.16', '7.1.1.2', '7.1.1.2', '2.1.1.-; 3.4.23.43', '7.1.1.2', '7.1.1.-', '5.3.1.16', '7.1.1.2', '7.1.1.-', '7.1.1.2', '7.1.1.2', '7.1.1.2', '7.1.1.2', '5.3.1.16', '7.1.1.2', '7.1.1.2', '2.1.1.-; 3.4.23.43', '2.1.1.-; 3.4.23.43', '7.1.1.2']",4,1077,,1.0000001192092896,1.0000001192092896
ec+tax-swissprot-lowbacteria_20240824-202511,ba11000,7.1.1.2,2157.2283796.183967.2301.46630.46631.46632,train_common,900,0.5433333333333333,0.1288888888888889,116,0.7758620689655172,90,1.2222222222222223,0.18888888888888888,17,26.79223150727329,0.5222222222222223,0.36666666666666664,33,0.5418752237131055,0.044444444444444446,1697.3666666666668,0.4764382444444444,0.7222222222222222,1.0,"['2.1.1.-; 3.4.23.43', '2.8.1.7', '2.8.1.7', '4.1.3.27', '7.1.1.2', '7.1.1.2', '2.8.1.7', '2.8.1.7', '1.5.1.5; 3.5.4.9', '2.7.1.12', '7.1.1.2', '7.1.1.-', '2.8.1.7', '7.1.1.-', '2.7.2.7', '1.3.1.12', '2.8.1.7', '4.1.3.27', '7.1.1.-', '7.1.1.2', '2.7.1.17', '5.4.99.-', '4.1.3.27', '2.7.2.7', '7.1.1.-', '2.1.1.-; 3.4.23.43', '2.8.1.7', '5.1.3.13', '2.8.1.7', '5.3.1.16', '2.6.1.85; 4.1.3.27', '2.8.1.7', '7.1.1.2', '7.1.1.2', '4.1.3.27', '2.8.1.7', '2.7.1.17', '2.7.1.12', '2.7.1.12', '2.8.1.7', '2.8.1.7', '7.1.1.-', '4.1.3.27', '7.1.1.-', '7.1.1.-', '7.1.1.2', '7.1.1.-', '2.8.1.7', '7.1.1.-', '4.1.3.27', '7.1.1.-', '2.8.1.7', '2.8.1.7', '5.3.1.16', '2.8.1.7', '7.1.1.-', '7.1.1.2', '2.8.1.7', '2.1.1.-; 3.4.23.43', '7.1.1.2', '2.7.1.17', '7.1.1.2', '7.1.1.-', '3.1.4.46', '5.3.1.6', '5.3.1.16', '3.1.3.5', '2.7.8.33', '3.1.21.10', '1.3.1.-', '3.1.21.10', '2.1.1.-; 3.4.23.43', '2.3.1.275', '2.7.7.38', '7.1.1.2', '4.1.3.27', '7.1.1.2', '7.1.1.2', '7.1.1.2', '3.1.21.10', '2.8.1.7', '7.1.1.-', '3.1.3.104', '7.1.1.2', '7.1.1.-', '2.1.1.-; 3.4.23.43', '7.1.1.2', '7.1.1.2', '3.1.3.18', '2.8.1.7']",4,1077,,1.0000001192092896,1.0000001192092896
ec+tax-swissprot-lowbacteria_20240824-202511,ba11000,7.1.1.2,2759.4890.147550.5125.5129.5543.51453,train_common,900,0.43777777777777777,0.2866666666666667,258,0.9728682170542635,251,3.8924302788844622,0.9402390438247012,236,133.36465835821062,0.9163346613545816,0.035856573705179286,9,0.05299033335839858,0.035856573705179286,1369.389442231076,0.7190658565737051,0.3426294820717131,0.6095617529880478,"['7.1.1.2', '7.1.1.2', '7.1.1.2', '7.1.1.2', '7.1.1.2', '7.1.1.2', '7.1.1.2', '7.1.1.-', '7.1.1.2', '7.1.1.2', '7.1.1.2', '7.1.1.2', '7.1.1.2', '7.1.1.2', '7.1.1.2', '7.1.1.2', '7.1.1.2', '7.1.1.2', '7.1.1.2', '7.1.1.-', '7.1.1.2', '7.1.1.2', '7.1.1.2', '7.1.1.2', '7.1.1.2', '2.4.1.83', '7.1.1.2', '7.1.1.2', '7.1.1.2', '7.1.1.2', '7.1.1.2', '7.1.1.2', '7.1.1.2', '7.1.1.2', '7.1.1.2', '7.1.1.2', '7.1.1.2', '7.1.1.2', '7.1.1.2', '7.1.1.2', '7.1.1.2', '7.1.1.2', '7.1.1.2', '7.1.1.2', '7.1.1.2', '7.1.1.2', '7.1.1.2', '7.1.1.2', '7.1.1.2', '7.1.1.2', '7.1.1.2', '7.1.1.2', '7.1.1.2', '7.1.1.-', '7.1.1.2', '7.1.1.2', '7.1.1.2', '7.1.1.-', '7.1.1.2', '7.1.1.2', '7.1.1.2', '7.1.1.2', '7.1.1.2', '7.1.1.2', '7.1.1.2', '7.1.1.2', '7.1.1.2', '7.1.1.2', '7.1.1.2', '7.1.1.2', '7.1.1.2', '7.1.1.2', '7.1.1.2', '7.1.1.2', '7.1.1.2', '7.1.1.2', '7.1.1.2', '7.1.1.2', '7.1.1.2', '7.1.1.2', '7.1.1.2', '7.1.1.2', '7.1.1.2', '7.1.1.2', '7.1.1.2', '7.1.1.2', '7.1.1.2', '7.1.1.2', '7.1.1.2', '7.1.1.-', '7.1.1.2', '7.1.1.2', '7.1.1.2', '7.1.1.-', '7.1.1.2', '7.1.1.2', '7.1.1.2', '7.1.1.2', '7.1.1.2', '7.1.1.2', '7.1.1.2', '7.1.1.2', '2.7.8.13', '7.1.1.2', '7.1.1.2', '7.1.1.2', '7.1.1.2', '7.1.1.2', '7.1.1.2', '7.1.1.2', '7.1.1.2', '7.1.1.2', '7.1.1.2', '7.1.1.2', '7.1.1.2', '7.1.1.2', '7.1.1.2', '7.1.1.2', '7.1.1.2', '7.1.1.2', '7.1.1.2', '7.1.1.2', '7.1.1.2', '7.1.1.2', '7.1.1.2', '7.1.1.2', '7.1.1.2', '7.1.1.2', '7.1.1.2', '7.1.1.2', '7.1.1.2', '7.1.1.2', '7.1.1.2', '7.1.1.2', '7.1.1.2', '7.1.1.2', '7.1.1.2', '7.1.1.2', '7.1.1.2', '7.1.1.2', '7.1.1.2', '7.1.1.2', '7.1.1.2', '7.1.1.2', '7.1.1.2', '7.1.1.-', '7.1.1.2', '7.1.1.2', '7.1.1.2', '7.1.1.2', '7.1.1.2', '7.1.1.2', '7.1.1.2', '7.1.1.2', '7.1.1.2', '7.1.1.2', '7.1.1.2', '7.1.1.2', '7.1.1.2', '7.1.1.2', '7.1.1.2', '7.1.1.2', '7.1.1.2', '7.1.1.2', '7.1.1.2', '7.1.1.2', '7.1.1.2', '7.1.1.2', '7.1.1.2', '7.1.1.2', '7.1.1.2', '7.1.1.2', '7.1.1.2', '7.1.1.2', '7.1.1.2', '7.1.1.2', '7.1.1.2', '7.1.1.2', '7.1.1.2', '7.1.1.2', '7.1.1.2', '7.1.1.2', '7.1.1.2', '7.1.1.2', '7.1.1.2', '7.1.1.2', '7.1.1.2', '7.1.1.2', '7.1.1.2', '7.1.1.2', '7.1.1.2', '7.1.1.2', '7.1.1.2', '7.1.1.2', '7.1.1.2', '7.1.1.2', '7.1.1.-', '7.1.1.2', '7.1.1.2', '2.7.8.33', '7.1.1.2', '7.1.1.2', '7.1.1.2', '7.1.1.2', '7.1.1.2', '7.1.1.2', '7.1.1.2', '7.1.1.2', '7.1.1.2', '7.1.1.2', '7.1.1.2', '7.1.1.2', '7.1.1.2', '7.1.1.2', '7.1.1.2', '7.1.1.2', '7.1.1.-', '7.1.1.2', '7.1.1.2', '7.1.1.2', '7.1.1.2', '7.1.1.2', '7.1.1.2', '7.1.1.2', '7.1.1.2', '7.1.1.2', '7.1.1.2', '7.1.1.-', '7.1.1.-', '7.1.1.2', '7.1.1.2', '7.1.1.2', '7.1.1.2', '7.1.1.2', '7.1.1.2', '7.1.1.2', '7.1.1.2', '7.1.1.2', '7.1.1.2', '2.7.8.33', '7.1.1.2', '7.1.1.2', '7.1.1.2', '7.1.1.2', '7.1.1.2', '7.1.1.2', '7.1.1.2', '7.1.1.2', '7.1.1.2', '7.1.1.2', '7.1.1.2']",4,1077,,1.0000001192092896,1.0000001192092896
ec+tax-swissprot-lowbacteria_20240824-202511,ba11000,7.1.1.2,10239.2731618.2731619.-1.2946170.10663.-1,train_common,900,0.21,0.04111111111111111,37,0.5945945945945946,22,2.5,0.5454545454545454,12,77.3679412509496,0.5909090909090909,0.18181818181818182,4,0.26869845803955644,0.09090909090909091,3471.886363636364,0.48599881818181806,0.9090909090909091,1.0,"['1.1.1.22', '7.1.1.2', '7.1.1.2', '7.1.1.2', '7.1.1.-', '3.6.1.27', '1.1.1.385', '7.1.1.2', '7.1.1.2', '7.1.1.2', '7.1.1.2', '2.5.1.47', '7.1.1.-', '2.4.1.83', '3.6.1.27', '7.1.1.2', '7.1.1.2', '7.1.1.2', '7.1.1.2', '7.4.2.11', '7.1.1.2', '3.1.3.104']",4,1077,,1.0000001192092896,1.0000001192092896
ec+tax-swissprot-lowbacteria_20240824-202511,ba11000,3.1.1.4,2.1224.1236.2887326.468.469.470,,900,0.51,0.21222222222222223,191,0.7853403141361257,150,0.5266666666666666,0.02666666666666667,4,13.014952076677318,0.8,0.7066666666666667,106,1.044341340247076,0.013333333333333334,203.68400000000003,0.5049219466666667,0.7733333333333333,1.0,"['2.7.8.-', '3.5.1.2; 4.3.2.10', '1.8.1.9', '3.1.21.10', '2.3.1.247', '3.1.21.10', '3.1.21.10', '2.8.4.4', '1.1.1.94', '6.3.5.1', '5.3.1.1', '2.7.7.81', '3.5.1.10', '1.8.1.9', '1.3.1.9', '3.1.1.-; 3.1.1.3; 3.1.2.2', '6.2.1.1', '1.8.4.11', '6.2.1.34', '3.5.2.6', '4.1.1.23', '1.3.1.9', '1.8.1.9', '1.8.1.9', '3.1.1.4', '3.6.1.9', '2.7.8.-', '3.1.21.10', '3.6.1.9', '2.7.1.2', '3.6.1.66', '3.1.6.8', '2.5.1.105', '6.3.5.2', '3.6.1.66', '2.8.4.5', '2.3.1.183', '1.8.1.9', '1.2.1.3', '1.1.1.169', '2.7.7.82', '6.3.5.7', '2.7.7.82', '2.3.1.157; 2.7.7.23', '1.8.1.9', '2.7.7.81', '3.1.1.4', '1.8.1.9', '2.7.1.5', '1.3.1.9', '5.4.2.12', '1.3.1.9', '3.4.11.5', '2.7.1.17', '1.1.1.262', '4.1.2.4', '3.1.6.8', '1.4.3.-', '3.6.1.27', '2.1.1.190', '1.8.1.9', '1.1.1.271', '2.8.4.4', '1.1.1.100', '2.7.1.4', '1.1.2.-', '1.8.1.9', '1.3.1.9', '3.1.3.23; 3.1.3.74', '1.1.1.3', '1.8.4.11', '1.2.1.3', '1.1.1.27', '3.6.1.66', '1.3.99.-', '1.1.1.300', '1.3.1.9', '1.8.1.9', '1.3.1.9', '3.1.1.4', '1.1.1.22', '4.1.1.36; 6.3.2.5', '2.4.1.25', '4.1.2.13', '3.6.1.9', '3.1.3.104', '2.7.1.2', '1.8.1.9', '3.1.3.104', '1.1.1.37', '3.5.1.2; 4.3.2.10', '2.7.7.77', '3.6.1.9', '3.6.1.66', '3.1.3.96', '3.1.3.18', '3.6.1.9', '2.3.1.157; 2.7.7.23', '1.1.1.401', '3.6.1.9', '3.6.1.66', '1.1.1.100', '2.7.7.99', '2.4.1.250', '2.5.1.18', '5.1.3.2', '3.6.1.17', '1.2.1.3', '1.3.1.9', '2.4.99.12; 2.4.99.13', '2.3.1.157; 2.7.7.23', '3.3.2.10', '2.7.7.81', '3.1.21.10', '2.7.7.99', '2.7.1.33', '2.7.7.9', '3.6.1.66', '2.7.1.25', '2.7.7.82', '1.1.-.-', '1.3.1.9', '1.1.1.406', '3.1.1.1; 3.1.1.67', '3.1.1.4', '6.3.5.2', '3.1.3.104', '3.6.1.-', '1.8.1.9', '1.8.4.11', '6.1.1.3', '2.7.7.38', '1.1.1.262', '1.1.1.30', '3.1.3.104', '2.7.7.60', '3.6.1.66', '2.7.1.25', '3.6.1.9', '1.1.1.262', '1.3.1.9', '7.5.2.6', '1.8.1.9', '2.5.1.19', '3.6.1.66', '2.3.1.157; 2.7.7.23', '3.2.1.23', '3.5.1.101', '2.3.1.157; 2.7.7.23', '3.1.1.116']",10,313,,0.9999998807907104,0.9999998807907104
ec+tax-swissprot-lowbacteria_20240824-202511,ba11000,3.1.1.4,2157.2283796.183967.2301.46630.46631.46632,,900,0.47444444444444445,0.15888888888888889,143,0.7902097902097902,113,0.415929203539823,0.008849557522123894,1,4.319121264384066,0.8053097345132744,0.6814159292035398,77,1.0070247520332047,0.0,0.0,0.3832522743362831,0.9823008849557522,1.0,"['3.5.4.28; 3.5.4.31', '3.5.1.1', '2.4.1.343', '2.1.1.177', '3.5.1.25', '3.5.4.28; 3.5.4.31; 3.5.4.4; 3.5.4.41', '1.14.14.1', '2.7.1.2', '2.7.7.81', '3.5.2.7', '2.4.1.-', '2.7.7.81', '2.4.1.283; 2.4.1.284', '2.7.7.81', '2.7.7.81', '1.1.1.169', '2.7.7.81', '1.4.99.-', '2.7.7.60', '3.5.2.5', '4.2.1.136; 5.1.99.6', '2.5.1.3', '3.1.3.18', '2.7.1.20', '2.7.7.81', '3.1.3.77', '6.3.2.13', '1.1.1.100', '1.1.1.262', '3.1.3.77', '1.4.99.-', '3.5.2.5', '3.6.1.1', '2.7.7.81', '2.4.1.250', '3.1.3.77', '4.1.3.-', '2.7.7.81', '2.7.7.82', '3.3.2.10', '2.7.7.82', '2.7.7.81', '3.4.11.18', '1.4.99.-', '3.1.3.77', '1.14.14.-; 1.14.14.164', '5.4.2.12', '2.7.7.82', '2.2.1.6', '2.7.1.2', '3.1.3.77', '3.5.2.3', '2.3.1.157; 2.7.7.23', '2.7.7.81', '4.1.1.20', '3.1.3.77', '3.5.4.28; 3.5.4.31', '2.7.7.77', '2.7.7.82', '1.6.3.4', '3.1.1.4', '1.1.1.300', '3.5.1.1', '2.7.7.81', '2.7.1.11', '1.4.99.-', '2.7.1.2', '1.4.3.19', '3.5.2.7', '2.7.7.81', '2.3.1.275', '3.1.3.77', '1.4.99.-', '2.7.1.20', '2.7.7.81', '2.4.1.11', '3.1.3.77', '3.5.1.1', '5.4.2.12', '2.7.7.13; 5.3.1.8', '2.7.1.2', '2.7.1.71', '2.7.7.81', '7.1.1.-', '2.7.7.82', '2.7.1.2', '2.7.7.82', '1.1.1.95', '3.5.1.81', '1.8.1.4', '1.14.14.1', '2.7.1.17', '2.7.7.81', '2.7.7.81', '2.3.1.157; 2.7.7.23', '2.7.7.81', '3.5.2.3', '6.3.4.19', '2.7.7.81', '3.5.1.83', '3.1.1.1', '1.8.1.14', '2.3.1.157; 2.7.7.23', '1.4.99.-', '1.4.99.-', '5.4.2.7', '2.7.7.81', '3.5.4.28; 3.5.4.31', '2.7.1.83', '2.4.1.343', '3.6.1.11', '3.5.4.3', '3.5.5.1']",10,313,,0.9999998807907104,0.9999998807907104
ec+tax-swissprot-lowbacteria_20240824-202511,ba11000,3.1.1.4,2759.4890.147550.5125.5129.5543.51453,,900,0.45555555555555555,0.3088888888888889,278,0.9640287769784173,268,3.753731343283582,0.9067164179104478,243,442.5326522340375,0.8694029850746269,0.007462686567164179,2,0.01102866805386239,0.007462686567164179,114.00223880597015,0.6841740634328357,0.27611940298507465,0.8171641791044776,"['3.1.1.4', '3.1.1.4', '3.1.1.4', '3.1.1.4', '3.1.1.4', '3.1.1.4', '3.1.1.4', '3.1.1.4', '3.1.1.4', '3.1.1.4', '3.1.1.4', '3.1.1.4', '3.1.1.4', '3.1.1.4', '3.1.1.4', '3.1.1.4', '3.1.1.4', '3.1.1.4', '3.1.1.4', '3.1.1.4', '3.1.1.4', '3.2.1.67', '3.2.1.15', '3.1.1.4', '3.1.1.4', '3.1.1.4', '3.1.1.4', '3.1.1.4', '3.2.1.15', '3.1.1.4', '3.1.1.4', '3.1.1.4', '3.1.1.4', '3.1.1.4', '3.1.1.11', '3.1.1.4', '3.1.1.4', '3.1.1.4', '3.1.1.4', '3.1.1.4', '3.1.1.4', '3.1.1.4', '3.1.3.5', '3.1.1.4', '3.1.1.4', '3.1.1.4', '3.1.1.1; 3.1.1.13', '3.1.1.4', '3.1.1.4', '3.1.1.4', '3.2.1.15', '3.1.1.4', '3.1.1.1', '3.2.1.15', '3.1.1.4', '3.1.1.4', '3.1.1.4', '3.1.1.4', '3.1.1.4', '3.1.1.4', '3.1.3.2', '3.1.1.4', '3.1.1.4', '3.1.1.4', '3.1.1.4', '3.1.1.4', '3.1.1.4', '3.1.1.4', '3.1.1.4', '3.1.1.4', '3.1.1.4', '3.1.1.4', '3.1.1.4', '3.1.1.4', '3.1.1.4', '3.1.1.4', '3.1.1.4', '3.1.1.4', '3.1.1.4', '3.1.1.4', '3.1.1.4', '3.1.1.4', '3.1.1.4', '3.1.1.4', '3.1.1.4', '3.1.1.4', '3.1.1.4', '3.1.1.4', '3.1.1.4', '3.1.1.4', '3.1.1.4', '3.1.1.4', '3.1.1.4', '3.1.1.4', '3.1.1.4', '3.1.1.4', '3.1.1.4', '3.1.1.4', '3.1.1.4', '3.1.1.4', '3.1.1.4', '3.1.1.4', '3.1.1.4', '3.1.1.4', '3.1.1.4', '3.1.1.4', '3.1.1.4', '3.1.1.4', '3.1.1.4', '3.1.1.4', '3.1.1.4', '3.1.1.4', '3.1.1.4', '3.1.1.4', '3.1.1.4', '3.2.1.15', '3.1.1.4', '3.1.1.4', '3.1.1.4', '3.1.1.4', '3.1.1.4', '3.2.1.15', '3.1.1.-', '3.1.1.4', '3.1.1.4', '3.2.1.67', '3.1.1.4', '3.1.1.4', '3.1.1.4', '3.1.1.4', '3.1.1.4', '3.1.1.4', '3.1.1.4', '3.1.1.4', '3.1.1.4', '3.1.1.4', '3.1.1.4', '3.1.1.4', '3.1.1.4', '3.1.1.4', '3.1.1.4', '3.1.1.4', '3.1.1.4', '3.1.1.4', '3.1.1.4', '3.1.1.4', '3.1.1.4', '3.1.1.4', '3.1.1.4', '3.1.1.4', '3.2.1.15', '3.1.1.4', '3.1.1.4', '3.1.1.4', '3.1.1.4', '3.1.1.4', '3.1.1.4', '3.1.1.4', '3.1.1.4', '3.1.1.4', '3.1.1.4', '3.1.1.4', '3.1.1.4', '3.1.1.4', '3.1.1.4', '3.1.1.4', '3.1.1.4', '3.1.1.4', '3.1.1.4', '3.1.1.4', '3.1.1.4', '3.1.1.4', '3.1.1.4', '3.1.1.4', '3.1.1.4', '3.1.1.4', '3.1.1.4', '3.1.1.4', '3.1.1.4', '3.1.1.4', '3.1.1.4', '3.1.1.4', '3.1.1.4', '3.1.1.4', '3.1.1.4', '3.1.1.4', '3.2.1.15', '3.4.23.1', '3.1.1.4', '3.1.1.4', '3.1.1.4', '3.1.1.4', '3.2.1.15', '3.1.1.4', '3.1.1.4', '3.2.1.15', '3.1.1.4', '3.2.1.15', '3.1.1.4', '3.1.1.4', '3.1.1.4', '3.1.1.4', '3.1.1.4', '3.1.1.4', '3.1.1.4', '3.1.1.4', '3.1.1.4', '3.1.1.4', '3.1.1.4', '3.1.1.4', '3.1.1.4', '3.1.1.4', '3.1.1.4', '3.1.1.4', '3.1.1.4', '3.1.1.4', '3.1.1.4', '3.1.1.4', '3.1.1.4', '3.1.1.4', '3.2.1.15', '3.1.1.4', '3.2.1.15', '3.1.1.4', '3.1.1.4', '3.2.1.15', '3.1.1.4', '3.1.1.4', '3.1.1.4', '3.1.1.4', '3.1.1.4', '3.1.1.4', '3.1.1.4', '3.1.1.4', '3.1.1.4', '3.1.1.4', '3.1.1.4', '3.1.1.4', '3.1.1.4', '3.1.1.4', '3.1.1.4', '3.1.1.4', '3.1.1.4', '3.1.1.4', '3.1.1.4', '3.1.1.4', '3.1.1.4', '3.1.1.4', '3.1.1.4', '3.1.1.4', '4.2.1.1', '3.1.1.4', '3.2.1.15', '3.1.1.4', '3.1.1.4', '3.1.1.4', '3.1.1.4', '3.1.1.4', '3.1.1.4', '3.1.1.4', '3.1.1.4', '3.1.1.4', '3.1.1.4', '3.1.1.4', '3.1.1.4', '3.1.1.4', '3.1.1.4', '3.1.1.4']",10,313,,0.9999998807907104,0.9999998807907104
ec+tax-swissprot-lowbacteria_20240824-202511,ba11000,3.1.1.4,10239.2731618.2731619.-1.2946170.10663.-1,,900,0.21333333333333335,0.013333333333333334,12,0.5833333333333334,7,1.0,0.0,0,0.0,1.0,0.5714285714285714,4,0.8444808681243202,0.0,0.0,0.453462,1.0,1.0,"['6.2.1.1', '3.1.1.1; 3.1.1.56; 3.1.1.84', '2.8.4.4', '6.2.1.-; 6.2.1.12; 6.2.1.34', '3.1.26.3', '3.8.1.3', '3.2.1.21']",10,313,,0.5600192546844482,0.9999998807907104
ec+tax-swissprot-lowbacteria_20240824-202511,ba11000,3.1.3.16,2.1224.1236.2887326.468.469.470,train_common,900,0.6022222222222222,0.4288888888888889,386,0.6062176165803109,234,0.3418803418803419,0.0,0,0.0,0.8162393162393162,0.717948717948718,168,1.061014424053633,0.0,0.0,0.5331974871794871,0.8290598290598291,1.0,"['2.2.1.1', '2.7.1.4', '3.1.1.29', '3.1.3.48', '6.2.1.13', '1.14.13.114', '2.7.7.60', '1.1.1.205', '2.4.2.9', '7.3.2.3', '2.7.1.45', '3.1.3.15; 4.2.1.19', '2.6.1.83', '2.3.1.286', '3.4.21.62', '6.1.1.17', '3.5.5.1', '4.2.1.46', '5.1.3.14', '1.5.1.3', '1.3.7.11', '2.4.1.305', '2.5.1.143', '3.1.3.48', '4.1.3.27', '2.7.2.1', '2.3.1.181', '2.1.1.207', '1.1.1.157', '7.5.2.7', '2.1.1.177', '7.6.2.10', '2.4.2.18', '1.1.1.-', '6.3.2.1', '3.1.3.25', '2.1.1.37', '6.3.4.14', '6.3.2.3', '1.1.1.157', '4.2.1.46', '3.1.3.48', '2.7.1.11', '7.2.2.7', '6.4.1.3', '1.1.1.408', '3.5.1.19', '7.1.1.-', '7.1.1.2', '2.1.1.297', '2.6.1.52', '3.5.1.2; 4.3.2.10', '3.1.1.29', '7.3.2.3', '2.7.7.7', '2.3.1.129', '1.1.1.338', '6.3.2.4', '6.3.5.7', '2.5.1.120', '1.4.3.4', '4.4.1.13', '6.3.2.10', '2.7.1.4', '2.4.1.343', '2.3.1.191', '5.1.3.2', '2.7.7.7; 3.1.11.1', '2.5.1.143', '2.4.1.83', '1.1.1.399; 1.1.1.95', '2.6.1.1', '2.5.1.18; 5.2.1.2', '1.2.1.41', '2.4.2.8', '3.9.1.2', '2.3.3.13', '5.1.1.3', '3.1.3.18', '2.3.1.174', '4.2.1.46', '4.1.1.35', '3.1.1.29', '2.3.3.21', '4.2.1.46', '2.4.1.305', '1.14.13.211', '2.6.1.51', '7.1.1.-', '1.14.13.222', '6.1.1.20', '2.7.1.4', '2.4.2.18', '3.1.3.18', '2.7.1.23', '1.1.1.169', '4.1.1.35', '3.1.1.29', '3.5.5.1', '2.7.9.3', '2.4.2.19', '2.5.1.143', '1.1.1.374', '4.2.1.17', '1.21.98.1', '3.2.2.4; 3.2.2.n1', '7.1.1.-', '7.1.1.-', '2.7.7.77', '4.2.1.46', '2.7.13.3; 3.1.3.-', '6.4.1.4', '2.4.2.18', '6.3.2.3', '3.6.1.-', '4.2.1.46', '6.4.1.3', '6.3.4.13', '2.7.7.7', '6.3.2.13', '1.1.2.4', '7.1.1.-', '3.6.1.65', '6.4.1.3', '3.1.3.5', '2.7.1.45', '2.1.1.297', '4.1.1.23', '3.5.1.1', '1.5.1.3', '2.5.1.129', '2.4.1.305', '7.2.2.18', '1.1.1.157', '4.2.1.46', '2.7.1.45', '6.3.5.7', '2.7.1.178', '2.2.1.1', '3.1.3.48', '6.1.1.17', '3.5.1.25', '3.5.2.3', '3.5.5.1', '1.1.1.157', '1.12.99.6', '1.97.1.4', '6.1.1.10', '2.7.2.1', '3.5.1.115', '1.12.99.6', '2.1.1.166', '1.1.1.184; 1.1.1.300', '4.1.3.27', '3.1.2.30', '6.1.1.1', '2.7.1.4', '7.4.2.9', '3.5.5.1', '1.5.1.3', '6.2.1.5', '3.4.21.62', '5.1.3.2', '2.4.2.18', '3.5.5.1', '2.4.2.19', '3.1.1.29', '2.1.1.177', '1.5.1.3', '1.2.1.38', '2.5.1.143', '2.7.7.87', '2.8.3.-', '6.1.1.19', '2.7.2.1', '1.12.99.6', '3.5.5.1', '2.1.1.207', '4.2.1.46', '3.5.1.1', '5.1.3.1', '3.1.26.3', '2.3.3.21', '5.6.2.2', '1.1.1.157', '3.9.1.2', '5.4.99.22', '3.1.-.-; 3.1.3.7', '2.5.1.-', '6.3.5.2', '5.1.3.20', '2.7.1.4', '2.1.2.2', '7.1.1.-', '1.14.13.249', '4.2.1.46', '1.12.99.6', '2.3.1.286', '1.5.1.3', '3.5.1.18', '1.1.1.157', '2.4.2.18', '7.1.1.-', '7.1.2.2', '2.7.4.6', '1.5.1.3', '4.1.3.39', '3.6.5.n1', '3.5.5.1', '3.1.3.5', '1.1.1.37', '1.5.1.3', '6.3.4.14', '1.12.99.6', '2.4.1.305', '6.3.1.-', '2.4.2.8', '1.1.1.374', '2.4.2.18', '1.14.99.60', '2.7.1.213', '3.6.1.11', '4.1.1.48', '7.2.2.7', '1.1.1.26', '4.2.1.46', '3.5.99.6', '3.1.3.48', '6.4.1.3', '1.1.1.408', '7.3.2.3', '1.1.1.26', '2.7.1.4', '6.1.1.14']",31,838,,0.6910669803619385,0.9999997019767761
ec+tax-swissprot-lowbacteria_20240824-202511,ba11000,3.1.3.16,2157.2283796.183967.2301.46630.46631.46632,train_common,900,0.56,0.3688888888888889,332,0.7620481927710844,253,0.42292490118577075,0.0,0,0.0,0.7509881422924901,0.6719367588932806,170,0.9930160405809694,0.0,0.0,0.5496988577075099,0.541501976284585,0.8814229249011858,"['1.21.98.1', '1.5.1.5; 3.5.4.9', '2.7.1.24', '1.1.1.86', '1.6.-.-; 1.6.5.2', '2.7.1.24', '2.7.1.24', '2.5.1.3', '2.7.1.167; 2.7.7.70', '2.7.1.24', '1.5.1.5; 3.5.4.9', '2.8.1.7', '1.5.1.5; 3.5.4.9', '2.7.1.26; 2.7.7.2', '6.3.1.2', '7.6.2.11', '1.1.1.86', '2.1.1.297', '2.7.1.24', '1.5.1.5; 3.5.4.9', '1.5.1.5; 3.5.4.9', '2.7.1.24', '1.5.1.5; 3.5.4.9', '2.7.1.24', '1.1.1.86', '1.12.1.3', '1.1.1.86', '1.5.1.5; 3.5.4.9', '1.1.1.37', '4.2.1.116', '2.7.1.24', '2.7.1.24', '6.1.1.19', '7.2.2.16', '7.6.2.11', '2.7.1.24', '2.5.1.19', '3.6.1.66', '3.5.1.25', '1.5.1.5; 3.5.4.9', '2.5.1.143', '4.4.1.5', '4.2.1.116', '6.3.4.15', '4.1.3.27', '5.1.1.1', '1.5.1.5; 3.5.4.9', '6.1.1.11', '4.1.3.27', '6.1.1.11', '7.4.2.12', '3.1.3.11; 3.1.3.25', '1.1.1.95', '6.1.1.16', '2.7.1.24', '1.5.1.5; 3.5.4.9', '2.5.1.120', '1.5.1.5; 3.5.4.9', '4.1.3.27', '1.5.1.5; 3.5.4.9', '2.7.2.1', '1.5.1.5; 3.5.4.9', '2.7.9.1', '1.5.1.5; 3.5.4.9', '1.1.1.86', '7.5.2.1', '3.1.26.4', '1.1.1.86', '3.6.1.11', '6.2.1.-; 6.2.1.47', '4.1.3.27', '2.8.1.7', '2.7.1.206', '6.1.1.20', '2.7.7.7', '4.2.1.150', '6.1.1.22', '1.5.1.5; 3.5.4.9', '2.10.1.1', '4.1.3.27', '4.1.2.17', '1.5.1.5; 3.5.4.9', '4.2.1.17', '1.5.1.5; 3.5.4.9', '2.1.1.-', '3.6.1.66', '3.6.1.9', '4.1.3.27', '7.5.2.1', '3.1.26.4', '3.6.1.11', '3.6.1.-', '5.1.3.2', '1.1.1.374', '1.5.1.5; 3.5.4.9', '2.7.1.24', '2.7.1.24', '1.5.1.5; 3.5.4.9', '4.1.1.48', '2.7.1.24', '2.7.1.24', '7.6.2.11', '3.1.26.4', '4.2.1.116', '4.1.3.27', '1.1.1.86', '3.1.26.4', '2.5.1.61', '6.3.5.7', '4.1.3.27', '2.4.1.343', '4.1.3.27', '4.1.3.27', '2.8.1.2', '1.5.1.5; 3.5.4.9', '2.7.1.24', '2.3.1.286', '3.5.1.2; 4.3.3.6', '6.1.1.6', '2.7.1.17', '1.2.1.3', '1.5.1.5; 3.5.4.9', '2.7.1.24', '7.3.2.3', '2.7.1.24', '2.7.9.3', '2.5.1.143', '7.6.2.11', '7.6.2.11', '1.5.1.5; 3.5.4.9', '4.1.3.27', '1.5.1.5; 3.5.4.9', '1.5.1.5; 3.5.4.9', '2.1.1.192', '1.1.1.86', '1.5.1.5; 3.5.4.9', '1.1.1.95', '2.7.1.12', '1.12.1.3', '6.1.1.16', '1.1.1.86', '2.7.9.3', '1.5.1.5; 3.5.4.9', '3.6.1.66', '3.5.4.16', '2.7.7.18', '7.5.2.1', '1.1.1.310; 1.1.1.37; 1.1.1.82', '1.5.1.5; 3.5.4.9', '7.2.2.17', '1.5.1.5; 3.5.4.9', '3.5.1.2; 4.3.2.10', '1.1.1.86', '1.5.1.5; 3.5.4.9', '7.6.2.11', '3.1.1.113', '6.3.5.7', '1.5.1.5; 3.5.4.9', '1.5.1.5; 3.5.4.9', '4.1.1.48', '3.5.1.2; 4.3.2.10', '2.7.7.7', '4.2.1.116', '1.5.1.5; 3.5.4.9', '1.1.1.95', '1.17.1.8', '1.1.1.86', '6.3.4.20', '1.5.1.5; 3.5.4.9', '1.5.1.5; 3.5.4.9', '2.7.1.202', '6.3.5.7', '1.21.98.1', '1.5.1.5; 3.5.4.9', '2.7.4.9', '3.1.26.4', '3.1.3.23; 3.1.3.74', '1.5.1.5; 3.5.4.9', '3.1.3.5', '1.5.1.5; 3.5.4.9', '4.1.3.27', '3.1.3.5', '5.1.3.2', '3.1.1.61; 3.5.1.44', '5.1.1.3', '1.5.1.5; 3.5.4.9', '1.1.1.86', '4.4.1.5', '1.4.1.1', '3.2.2.9', '1.1.1.95', '2.4.2.1', '1.5.1.5; 3.5.4.9', '3.6.1.40', '2.7.1.24', '1.1.1.374', '4.2.1.17', '2.5.1.143', '7.3.2.3', '1.17.1.9', '1.5.1.5; 3.5.4.9', '3.6.1.9', '1.5.1.5; 3.5.4.9', '3.5.4.28; 3.5.4.31; 3.5.4.4; 3.5.4.41', '2.7.1.24', '2.7.7.7', '1.5.1.5; 3.5.4.9', '1.5.1.5; 3.5.4.9', '2.8.1.7', '4.1.1.23', '2.7.1.24', '1.5.1.5; 3.5.4.9', '1.5.1.5; 3.5.4.9', '4.2.1.116', '1.1.1.95', '2.7.1.24', '1.5.1.5; 3.5.4.9', '1.5.1.5; 3.5.4.9', '3.1.3.25', '6.3.1.-', '6.3.2.13', '2.5.1.55', '1.5.1.5; 3.5.4.9', '2.7.1.24', '2.7.7.87', '3.2.2.9', '2.4.2.8', '1.5.1.5; 3.5.4.9', '2.7.1.24', '1.5.1.5; 3.5.4.9', '6.3.1.2', '2.7.7.87', '2.5.1.120', '2.7.1.92', '1.1.1.86', '3.6.1.73', '3.1.26.4', '6.1.1.1', '1.5.1.5; 3.5.4.9', '4.1.3.27', '1.1.1.86', '2.7.1.24', '1.5.1.5; 3.5.4.9', '1.1.1.86', '4.1.3.27', '3.1.3.48', '3.5.1.2; 4.3.3.6', '6.3.4.14', '1.5.1.5; 3.5.4.9', '2.7.1.24', '4.2.3.4', '1.5.1.5; 3.5.4.9', '2.7.1.24']",31,838,,0.6326505541801453,0.9999997019767761
ec+tax-swissprot-lowbacteria_20240824-202511,ba11000,3.1.3.16,2759.4890.147550.5125.5129.5543.51453,train_common,900,0.051111111111111114,0.03,27,0.5555555555555556,15,0.7333333333333333,0.0,0,0.0,0.8,0.6666666666666666,10,0.9852276794783735,0.0,0.0,0.7045354666666667,0.8,0.9333333333333333,"['6.3.5.5', '2.4.1.324', '2.8.1.13', '1.1.1.385', '1.18.1.2', '3.1.3.-; 3.1.3.16; 3.1.3.48; 3.1.3.67', '5.4.2.11', '3.1.3.-; 3.1.3.16; 3.1.3.48; 3.1.3.67', '2.2.1.7', '6.4.1.3', '2.1.1.163', '5.4.2.11; 5.4.2.4', '3.1.1.61; 3.5.1.44', '5.4.2.11', '3.5.4.5']",31,838,,0.9999997019767761,0.9999997019767761
ec+tax-swissprot-lowbacteria_20240824-202511,ba11000,3.1.3.16,10239.2731618.2731619.-1.2946170.10663.-1,train_common,900,0.12111111111111111,0.06,54,0.5185185185185185,28,0.17857142857142858,0.0,0,0.0,0.6071428571428571,0.5,14,0.7389207596087802,0.0,0.0,0.4152971071428572,1.0,1.0,"['2.8.3.13', '4.1.2.21', '2.4.1.-', '5.1.3.2', '7.5.2.6', '2.7.1.107', '3.1.1.91', '2.4.1.-', '2.7.7.77', '2.1.1.297', '4.3.3.7', '6.3.2.4', '3.5.4.28; 3.5.4.31', '5.2.1.13', '7.4.2.9', '1.8.4.12', '2.7.7.77', '2.1.1.37', '1.4.99.-', '2.7.6.3', '5.1.3.2', '2.7.1.26; 2.7.7.2', '6.3.2.13', '5.1.1.7', '2.8.1.10', '1.1.1.-', '3.1.13.1', '5.4.99.18']",31,838,,0.349548876285553,0.9999997019767761
ec+tax-swissprot-lowbacteria_20240824-202511,ba11000,2.5.1.18,2.1224.1236.2887326.468.469.470,,900,0.8455555555555555,0.42,378,0.8359788359788359,316,2.4367088607594938,0.47468354430379744,150,165.18014186442142,0.8670886075949367,0.370253164556962,117,0.5471754992039701,0.16455696202531644,739.3592702903946,0.48713505063291135,0.7341772151898734,0.9936708860759493,"['3.5.99.10', '3.1.3.82', '2.5.1.18', '3.6.-.-', '6.3.4.13', '2.5.1.7', '2.8.3.20', '2.5.1.7', '2.5.1.18', '2.5.1.39', '2.5.1.18', '3.1.2.6', '1.1.1.25', '2.1.1.193', '3.1.3.105', '2.5.1.18', '2.5.1.7', '2.5.1.7', '2.5.1.18', '1.4.3.19', '2.3.3.21', '2.5.1.18', '2.5.1.18; 5.3.99.2', '5.2.1.2', '2.5.1.18', '2.5.1.18', '2.5.1.18', '2.5.1.18', '2.5.1.18', '2.3.3.13', '2.5.1.18', '2.5.1.7', '2.5.1.18', '4.3.2.3', '3.4.11.1; 3.4.11.10', '5.2.1.4', '2.5.1.18', '2.5.1.18', '2.5.1.18', '4.2.1.44', '2.5.1.18', '1.1.1.26', '2.4.2.1; 2.4.2.28; 3.5.4.4', '1.1.1.25', '2.5.1.18', '1.1.1.25', '2.8.3.-', '2.5.1.7', '2.4.2.1; 2.4.2.28; 3.5.4.4', '2.5.1.18', '2.7.7.59; 3.1.4.-', '2.5.1.18', '2.5.1.18', '1.3.1.98', '2.5.1.18', '2.5.1.7', '2.5.1.18', '2.5.1.7', '2.5.1.18', '6.3.5.2', '2.5.1.18; 5.3.99.2', '2.5.1.18', '2.6.1.1', '3.1.3.82', '2.1.1.185', '1.1.1.26', '2.5.1.7', '2.5.1.18', '2.1.1.193', '2.5.1.18', '2.4.2.1; 2.4.2.28; 3.5.4.4', '2.5.1.18', '2.8.1.7', '3.1.2.6', '2.5.1.18', '5.2.1.2', '1.17.1.8', '2.5.1.18; 5.3.99.2', '2.5.1.7', '2.5.1.18', '7.4.2.6', '7.3.2.1', '1.1.1.81', '2.5.1.18', '2.5.1.18', '2.4.2.1; 2.4.2.28; 3.5.4.4', '2.5.1.18', '2.3.3.13', '2.7.6.1', '2.5.1.18', '2.5.1.18', '2.5.1.18', '2.5.1.18', '2.5.1.18', '3.1.3.82', '2.5.1.18', '2.5.1.18', '7.4.2.6', '3.1.26.4', '2.5.1.18', '2.5.1.18', '2.5.1.18', '2.5.1.18; 5.3.99.2', '2.5.1.18', '5.2.1.2', '4.2.1.17', '2.5.1.18', '2.5.1.18', '2.5.1.7', '2.5.1.18', '2.5.1.18', '3.1.2.6', '2.5.1.18', '2.5.1.18', '2.5.1.18', '2.5.1.18; 4.5.1.1', '2.5.1.18', '2.5.1.18', '2.5.1.18', '1.1.1.25', '2.5.1.18', '1.1.98.3', '2.5.1.18', '2.5.1.18', '2.5.1.18', '2.5.1.7', '2.5.1.7', '2.5.1.18', '2.5.1.18', '1.2.5.3', '3.5.1.87', '2.5.1.18', '2.5.1.18', '2.3.3.13', '2.5.1.18', '2.5.1.18', '2.5.1.18', '1.1.1.25', '2.5.1.18', '3.1.2.6', '2.4.2.1; 2.4.2.28; 3.5.4.4', '2.3.3.21', '2.5.1.7', '2.5.1.18', '3.1.2.6', '2.5.1.18', '2.5.1.18', '2.4.2.1; 2.4.2.28; 3.5.4.4', '2.5.1.18', '4.2.1.1', '2.5.1.18', '3.1.26.3', '4.3.1.3', '2.3.1.286', '3.1.3.82', '1.17.1.8', '2.4.2.1; 2.4.2.28; 3.5.4.4', '2.5.1.18', '2.7.7.18', '2.5.1.18', '5.2.1.4', '4.2.1.33', '2.5.1.18', '2.5.1.18; 5.3.99.2', '2.5.1.18', '1.6.5.5', '2.5.1.18', '2.5.1.18', '2.5.1.18', '2.5.1.18', '2.6.1.83', '2.5.1.18', '1.1.1.25', '2.5.1.18', '2.4.2.1; 2.4.2.28; 3.5.4.4', '2.5.1.18', '2.5.1.18', '2.5.1.18', '1.11.1.-; 2.5.1.18; 5.3.3.-', '2.5.1.18', '2.5.1.18', '2.5.1.18', '1.1.1.25', '2.5.1.18', '2.5.1.7', '3.1.26.4', '2.5.1.18', '1.1.1.25', '2.5.1.18', '2.5.1.18', '1.2.4.1', '2.5.1.18', '2.5.1.18', '2.5.1.18', '2.5.1.18', '1.3.8.4', '2.3.3.21', '2.5.1.18', '2.5.1.7', '2.5.1.18', '7.6.2.11', '2.5.1.18', '6.3.3.1', '2.5.1.18', '1.3.1.104', '2.5.1.18', '2.5.1.18', '2.5.1.18', '2.5.1.18', '3.1.2.6', '3.1.26.4', '2.5.1.18', '1.11.1.24', '1.3.99.-', '7.5.2.-', '2.5.1.18', '2.5.1.7', '2.8.3.-', '4.2.1.1', '2.4.2.1; 2.4.2.28; 3.5.4.4', '2.5.1.18', '1.1.1.245', '2.5.1.18', '2.5.1.18', '2.5.1.18', '5.1.3.3', '2.5.1.18', '3.5.1.10', '2.5.1.18; 5.3.99.2', '2.5.1.18', '2.5.1.18', '2.5.1.18; 5.2.1.2', '2.5.1.18', '2.5.1.7', '2.5.1.18', '2.5.1.18; 4.5.1.1', '2.5.1.7', '2.5.1.18', '2.8.1.7', '4.3.3.7', '2.1.1.170', '2.7.6.1', '2.5.1.18', '2.5.1.18', '3.1.2.6', '1.1.1.25', '2.5.1.18', '1.1.1.425', '3.6.1.61', '2.5.1.18', '2.5.1.18', '2.5.1.18', '2.5.1.18', '2.5.1.18', '7.4.2.6', '2.5.1.7', '2.5.1.15', '2.5.1.18', '1.6.5.5', '2.5.1.7', '2.5.1.18', '2.5.1.18', '2.7.6.1', '2.5.1.18', '2.5.1.18', '2.5.1.18', '2.3.3.13', '2.5.1.7', '2.5.1.18', '2.5.1.18', '1.3.99.-', '2.8.1.7', '2.5.1.18', '3.1.2.6', '2.3.3.21', '2.5.1.18', '2.1.1.199', '2.5.1.18', '2.5.1.7', '2.5.1.18', '2.5.1.18', '6.2.1.3', '2.5.1.18', '4.1.1.114', '2.5.1.7', '3.5.99.10', '2.6.1.1; 2.6.1.79', '2.5.1.18', '1.13.11.24', '2.5.1.18; 4.5.1.1', '2.5.1.18', '2.5.1.7', '2.5.1.7', '5.2.1.2', '2.4.2.1; 2.4.2.28; 3.5.4.4', '3.1.3.82', '3.5.1.5', '2.5.1.18', '2.3.2.6', '1.1.1.25', '2.5.1.18', '2.5.1.18', '2.5.1.18', '1.1.1.25', '2.5.1.18', '1.1.1.362', '2.5.1.18', '2.4.2.1; 2.4.2.28; 3.5.4.4', '2.5.1.18', '3.5.99.10', '2.5.1.18', '2.3.3.13', '2.5.1.18', '2.4.1.18', '2.5.1.18', '2.5.1.18']",34,439,,0.9999999403953552,0.9999999403953552
ec+tax-swissprot-lowbacteria_20240824-202511,ba11000,2.5.1.18,2157.2283796.183967.2301.46630.46631.46632,,900,0.8411111111111111,0.3377777777777778,304,0.7598684210526315,231,1.722943722943723,0.2554112554112554,59,88.87788066147975,0.7792207792207793,0.4458874458874459,103,0.6589509804303407,0.15584415584415584,700.2123758594347,0.42390321645021645,0.8354978354978355,1.0,"['6.3.4.20', '7.5.2.6', '2.5.1.18', '2.5.1.61', '2.5.1.19', '2.5.1.18', '2.5.1.18', '2.5.1.18', '1.-.-.-; 3.1.1.2', '3.5.1.88', '2.7.1.2', '6.3.4.20', '2.5.1.18', '2.5.1.18; 4.5.1.1', '2.5.1.18', '6.3.4.20', '3.5.1.81', '2.5.1.18', '2.5.1.7', '2.5.1.18', '5.2.1.4', '2.5.1.18', '2.7.1.17', '3.5.1.88', '3.5.2.3', '3.1.26.4', '2.7.1.71', '2.5.1.18', '3.5.1.88', '2.5.1.18; 4.5.1.1', '2.7.4.3', '2.7.1.107', '2.5.1.18', '2.5.1.18', '2.7.1.20', '2.6.1.42', '1.1.1.95', '2.7.6.1', '2.4.1.-', '5.99.1.4', '3.5.1.88', '7.5.2.6', '1.1.1.-', '2.5.1.18; 4.5.1.1', '2.7.2.11', '2.7.2.11', '7.5.2.11; 7.5.2.7', '2.6.1.21', '2.7.1.2', '2.5.1.18', '3.1.1.85', '3.1.1.85', '2.1.1.163; 2.1.1.201', '2.7.2.11', '2.6.1.42', '2.6.1.1', '2.6.1.21', '2.6.1.21', '2.6.1.42', '2.5.1.18', '3.5.3.1', '2.5.1.18', '1.2.1.3', '1.20.4.2; 1.8.5.1; 2.5.1.18', '7.5.2.11; 7.5.2.7', '2.5.1.7', '2.5.1.18', '2.4.2.29', '2.5.1.18', '2.6.1.21', '2.5.1.18', '5.99.1.4', '2.5.1.18', '2.5.1.61', '2.7.3.9', '2.5.1.18', '4.1.3.30', '2.6.1.21', '2.7.2.3', '2.5.1.18', '2.5.1.18', '6.3.4.20', '2.5.1.18', '2.7.6.1', '2.5.1.18', '1.2.1.3', '2.5.1.18', '2.5.1.18; 4.5.1.1', '2.5.1.3', '2.5.1.18', '2.7.1.107', '2.7.7.3', '2.6.1.21', '3.1.26.11', '2.5.1.18', '2.6.1.21', '6.3.4.20', '2.5.1.18', '2.7.4.25', '2.5.1.18', '2.5.1.7', '2.1.1.163', '2.5.1.18', '2.8.4.3', '2.5.1.15', '2.7.2.11', '6.3.5.7', '2.5.1.18', '2.5.1.18; 5.2.1.-', '2.7.2.11', '2.7.2.11', '3.1.26.4', '6.2.1.1', '2.1.3.3', '2.5.1.18; 4.5.1.1', '2.5.1.18', '1.2.7.11', '1.5.1.40', '2.5.1.18', '2.7.1.4', '2.5.1.18', '2.7.1.-; 2.7.1.59', '2.5.1.19', '2.6.1.21', '2.5.1.18', '3.7.1.14', '5.1.1.17', '2.7.1.-; 2.7.1.59', '2.5.1.18', '6.3.5.2', '2.5.1.18', '2.6.1.42', '2.6.1.21', '2.5.1.18; 5.2.1.-', '2.3.1.234', '2.5.1.18', '2.5.1.18', '2.5.1.18', '4.2.1.140; 4.2.1.39; 4.2.1.6', '1.1.1.267', '2.5.1.18', '2.7.1.23', '2.6.1.42', '2.7.7.3', '2.5.1.15', '2.5.1.18', '3.1.26.11', '2.7.1.-; 2.7.1.59', '3.1.3.18', '2.7.1.-; 2.7.1.17', '6.3.4.19', '1.1.1.60', '2.6.1.42', '2.1.1.199', '2.7.6.1', '6.3.4.20', '7.5.2.10', '1.2.1.3', '2.7.1.4', '2.5.1.7', '2.5.1.18; 4.5.1.1', '2.6.1.21', '1.1.1.267', '2.6.1.11', '2.7.4.25', '2.5.1.18', '1.1.1.94', '1.2.1.3', '6.3.4.20', '2.2.1.2', '2.5.1.61', '2.7.7.3', '7.5.2.11; 7.5.2.7', '3.1.3.105', '2.8.1.7', '3.5.1.1', '6.3.5.2', '1.1.1.103', '7.4.2.6', '2.7.7.3', '7.5.2.7', '2.6.1.42', '2.6.1.21', '3.5.1.1', '6.3.4.5', '2.4.2.29', '1.1.1.374', '2.7.1.107', '2.5.1.18', '2.5.1.18', '2.5.1.18', '2.6.1.1', '6.3.4.20', '2.5.1.18; 5.2.1.-', '2.5.1.18', '4.2.1.44', '2.1.2.9', '2.7.1.107', '2.7.7.3', '2.5.1.18', '2.6.1.21', '2.1.1.63', '2.5.1.18; 4.5.1.1', '2.5.1.18', '2.5.1.18', '1.2.1.3', '1.1.1.81', '2.5.1.19', '6.2.1.3', '2.5.1.18', '4.1.1.36; 6.3.2.5', '1.1.1.336', '3.5.1.-', '2.5.1.18', '2.6.1.42', '3.5.2.9', '1.1.1.374', '2.5.1.18', '3.1.26.11', '2.5.1.18; 4.5.1.1', '2.5.1.18', '2.5.1.18', '2.7.6.1', '2.5.1.18', '2.7.2.11', '2.7.4.3', '2.5.1.18', '2.7.1.26; 2.7.7.2', '1.14.13.211', '2.5.1.18', '2.5.1.18']",34,439,,0.9999999403953552,0.9999999403953552
ec+tax-swissprot-lowbacteria_20240824-202511,ba11000,2.5.1.18,2759.4890.147550.5125.5129.5543.51453,,900,0.8144444444444444,0.4888888888888889,440,0.9204545454545454,405,3.582716049382716,0.6839506172839506,277,238.00079304817342,0.8148148148148148,0.10864197530864197,44,0.16055562184092015,0.09135802469135802,410.4742919389978,0.6054033777777778,0.4666666666666667,0.6370370370370371,"['1.11.1.-; 2.5.1.18; 5.3.3.-', '1.11.1.-; 2.5.1.18; 5.3.3.-', '5.1.3.13', '1.11.1.-; 2.5.1.18; 5.3.3.-', '2.5.1.18', '2.5.1.18', '2.5.1.18', '2.5.1.18', '2.5.1.18', '2.5.1.18', '2.5.1.18', '2.5.1.18', '2.5.1.18', '1.11.1.-; 2.5.1.18; 5.3.3.-', '2.5.1.18', '2.5.1.18', '2.5.1.18', '2.5.1.18', '2.1.2.10', '2.5.1.61', '1.11.1.-; 2.5.1.18; 5.3.3.-', '2.5.1.18', '2.5.1.18', '2.5.1.18', '2.5.1.18', '1.11.1.-; 2.5.1.18; 5.3.3.-', '1.11.1.-; 2.5.1.18; 5.3.3.-', '2.5.1.18', '2.5.1.61', '2.5.1.18', '2.5.1.18', '2.5.1.18', '2.5.1.18', '2.5.1.18', '3.1.3.18', '2.5.1.18', '2.5.1.18; 5.2.1.2', '2.5.1.18', '2.5.1.18', '2.5.1.18', '2.5.1.18', '2.5.1.18', '2.5.1.18', '2.5.1.18', '2.5.1.18', '2.5.1.18', '2.5.1.18', '2.5.1.18', '2.5.1.18', '2.5.1.61', '2.5.1.18', '2.5.1.18', '1.11.1.-; 2.5.1.18; 5.3.3.-', '1.1.1.100', '2.5.1.18', '1.11.1.-; 2.5.1.18; 5.3.3.-', '2.5.1.18', '2.1.1.164', '2.5.1.18', '2.5.1.18', '2.5.1.18', '2.1.1.63', '2.5.1.18; 4.4.1.20', '2.5.1.18', '2.5.1.18', '2.5.1.18', '2.5.1.18', '1.11.1.-; 2.5.1.18; 5.3.3.-', '2.5.1.61', '2.5.1.18', '2.5.1.18', '2.6.1.111', '1.11.1.-; 2.5.1.18; 5.3.3.-', '2.5.1.18', '2.5.1.18', '2.5.1.18; 4.5.1.1', '2.5.1.61', '2.5.1.18', '1.11.1.-; 2.5.1.18; 5.3.3.-', '2.5.1.18', '1.11.1.-; 2.5.1.18; 5.3.3.-', '2.5.1.18', '2.5.1.18', '2.5.1.18', '2.5.1.18', '2.5.1.18', '2.1.1.63', '2.5.1.18', '2.5.1.18', '5.1.3.-', '2.5.1.18', '2.5.1.18', '2.5.1.18', '2.5.1.18', '2.5.1.18', '2.5.1.18', '1.11.1.-; 2.5.1.18; 5.3.3.-', '2.4.1.342', '2.5.1.18', '1.1.1.300', '2.5.1.18', '2.5.1.18', '2.5.1.18', '1.11.1.-; 2.5.1.18; 5.3.3.-', '1.11.1.-; 2.5.1.18; 5.3.3.-', '2.5.1.18', '2.5.1.18', '1.11.1.-; 2.5.1.18; 5.3.3.-', '2.5.1.61', '2.5.1.18', '2.5.1.18', '2.5.1.18', '1.11.1.-; 2.5.1.18; 5.3.3.-', '2.5.1.18', '2.5.1.18', '2.5.1.18', '1.11.1.-; 2.5.1.18; 5.3.3.-', '2.5.1.18', '2.5.1.18', '2.5.1.18', '2.5.1.18', '1.11.1.-; 2.5.1.18; 5.3.3.-', '2.5.1.18', '2.5.1.18', '2.5.1.18', '2.5.1.18; 5.2.1.2', '2.5.1.18', '2.7.7.-', '2.5.1.18', '2.5.1.18', '2.5.1.18', '2.5.1.18', '2.5.1.18; 4.4.1.20', '2.5.1.18', '1.11.1.-; 2.5.1.18; 5.3.3.-', '2.5.1.18', '3.5.1.2; 4.3.2.10', '2.5.1.61', '2.5.1.18', '2.5.1.18', '2.5.1.18', '2.5.1.18', '2.5.1.18', '2.5.1.18', '2.5.1.18', '2.5.1.18', '2.5.1.18', '2.1.1.63', '2.5.1.18', '2.5.1.18', '3.5.1.2; 4.3.2.10', '2.5.1.18', '2.5.1.18', '2.5.1.18', '2.5.1.18; 4.5.1.1', '2.5.1.18', '2.5.1.18', '2.5.1.3', '2.5.1.18', '1.11.1.-; 2.5.1.18; 5.3.3.-', '2.5.1.18', '2.5.1.18', '2.5.1.18', '2.5.1.18', '2.5.1.18', '3.5.1.2; 4.3.2.10', '2.7.7.7', '2.5.1.18', '2.5.1.18', '2.5.1.18', '1.11.1.-; 2.5.1.18; 5.3.3.-', '1.11.1.-; 2.5.1.18; 5.3.3.-', '2.1.1.63', '2.5.1.18', '1.11.1.-; 2.5.1.18; 5.3.3.-', '1.11.1.-; 2.5.1.18; 5.3.3.-', '2.5.1.75', '2.5.1.18', '2.5.1.18', '1.11.1.-; 2.5.1.18; 5.3.3.-', '2.5.1.18', '2.5.1.18', '3.6.-.-', '2.5.1.18', '1.11.1.-; 2.5.1.18; 5.3.3.-', '2.5.1.18', '2.5.1.18', '2.5.1.18', '2.5.1.18', '2.5.1.18', '2.5.1.18', '2.5.1.18', '2.4.1.342', '2.5.1.18', '2.5.1.18', '2.5.1.18', '2.5.1.18', '2.4.1.343', '1.11.1.-; 2.5.1.18; 5.3.3.-', '2.5.1.18', '2.5.1.18', '2.5.1.61', '2.5.1.18', '2.5.1.18', '2.5.1.18', '2.5.1.18', '2.5.1.18', '2.5.1.18', '3.5.1.2; 4.3.2.10', '1.11.1.-; 2.5.1.18; 5.3.3.-', '2.5.1.18', '2.5.1.18', '2.5.1.18', '2.5.1.18', '2.5.1.18', '2.5.1.18', '2.5.1.18', '2.5.1.18; 5.3.99.2', '1.11.1.-; 2.5.1.18; 5.3.3.-', '1.11.1.-; 2.5.1.18; 5.3.3.-', '2.5.1.61', '2.5.1.18', '2.5.1.18', '2.5.1.18', '2.5.1.18', '2.5.1.18', '2.5.1.18', '2.5.1.18', '2.5.1.18', '2.5.1.18', '2.5.1.18', '2.5.1.18', '2.5.1.18', '2.5.1.18', '1.3.5.-', '2.5.1.18', '2.5.1.18', '2.5.1.18', '2.5.1.18', '2.5.1.18', '2.5.1.18', '2.5.1.18; 4.5.1.1', '1.-.-.-', '2.6.1.59', '2.5.1.18', '2.5.1.18', '2.4.1.346', '2.5.1.18', '2.5.1.18', '2.5.1.18; 4.5.1.1', '2.5.1.18', '1.11.1.-; 2.5.1.18; 5.3.3.-', '2.5.1.18', '1.11.1.-; 2.5.1.18; 5.3.3.-', '2.5.1.18', '1.11.1.-; 2.5.1.18; 5.3.3.-', '2.5.1.18', '2.5.1.18', '1.11.1.-; 2.5.1.18; 5.3.3.-', '2.5.1.18', '2.5.1.18', '2.5.1.18', '2.5.1.18', '2.5.1.18', '1.11.1.-; 2.5.1.18; 5.3.3.-', '1.21.98.4', '2.5.1.18', '2.5.1.18', '2.5.1.18', '2.5.1.18', '2.5.1.18', '2.5.1.18', '2.5.1.18', '2.5.1.18', '2.5.1.18', '2.5.1.18', '2.5.1.18', '2.5.1.18', '1.11.1.-; 2.5.1.18; 5.3.3.-', '2.5.1.18', '2.5.1.18', '1.11.1.-; 2.5.1.18; 5.3.3.-', '2.5.1.18', '2.5.1.18', '2.5.1.18', '2.5.1.18', '2.5.1.18', '1.11.1.-; 2.5.1.18; 5.3.3.-', '2.5.1.18', '2.5.1.18', '2.5.1.18', '2.5.1.18', '2.5.1.18', '2.5.1.18', '2.5.1.18', '2.5.1.18', '2.5.1.18', '2.5.1.18; 4.5.1.1', '2.5.1.18', '1.11.1.-; 2.5.1.18; 5.3.3.-', '2.5.1.18', '2.5.1.18', '2.5.1.18', '2.4.1.91', '1.1.1.1; 1.1.1.284', '2.5.1.18; 4.5.1.1', '4.2.1.-', '2.5.1.18', '2.5.1.18', '2.5.1.18', '1.11.1.-; 2.5.1.18; 5.3.3.-', '2.5.1.18', '2.5.1.18', '2.5.1.18', '1.11.1.-; 2.5.1.18; 5.3.3.-', '2.5.1.18', '2.5.1.18', '2.5.1.18', '2.1.1.63', '2.5.1.18', '2.5.1.90', '2.5.1.18', '1.11.1.-; 2.5.1.18; 5.3.3.-', '2.5.1.18', '1.11.1.-; 2.5.1.18; 5.3.3.-', '2.5.1.18', '2.5.1.18', '2.5.1.18', '2.5.1.18', '2.5.1.18', '4.2.1.103', '5.2.1.2', '2.5.1.18', '2.5.1.61', '5.99.1.4', '2.5.1.18', '2.5.1.18; 5.3.99.2', '1.11.1.-; 2.5.1.18; 5.3.3.-', '2.5.1.18', '3.1.1.84', '2.5.1.18', '2.5.1.18', '2.5.1.18', '2.5.1.18', '2.5.1.18; 4.5.1.1', '1.11.1.-; 2.5.1.18; 5.3.3.-', '2.5.1.18', '1.11.1.-; 2.5.1.18; 5.3.3.-', '2.5.1.18', '2.5.1.18', '2.5.1.18', '2.5.1.18', '2.5.1.18', '1.11.1.-; 2.5.1.18; 5.3.3.-', '2.5.1.18', '2.5.1.18', '2.5.1.18', '1.11.1.-; 2.5.1.18; 5.3.3.-', '2.5.1.18', '2.5.1.18', '1.3.5.-', '2.5.1.18', '2.5.1.18', '2.5.1.18', '1.11.1.-; 2.5.1.18; 5.3.3.-', '3.5.1.2; 4.3.2.10', '2.5.1.18', '1.11.1.-; 2.5.1.18; 5.3.3.-', '2.5.1.18', '2.5.1.18', '2.5.1.18', '1.11.1.-; 2.5.1.18; 5.3.3.-', '2.5.1.18', '3.5.1.2; 4.3.2.10', '2.5.1.18', '2.5.1.18', '2.5.1.61', '2.5.1.18', '2.5.1.18', '3.5.1.2; 4.3.2.10', '2.5.1.18', '2.5.1.18', '2.5.1.18', '2.5.1.18', '2.5.1.18', '2.4.1.341', '2.5.1.18', '1.11.1.-; 2.5.1.18; 5.3.3.-', '1.11.1.24', '3.5.1.2; 4.3.2.10', '1.11.1.-; 2.5.1.18; 5.3.3.-', '1.11.1.-; 2.5.1.18; 5.3.3.-', '2.5.1.61', '2.5.1.18', '2.5.1.18', '2.5.1.18', '2.5.1.18', '2.5.1.18', '2.5.1.18; 5.2.1.2', '2.5.1.18', '2.5.1.18', '2.5.1.18', '2.1.1.63', '2.5.1.18', '2.5.1.18']",34,439,,0.9999999403953552,0.9999999403953552
ec+tax-swissprot-lowbacteria_20240824-202511,ba11000,2.5.1.18,10239.2731618.2731619.-1.2946170.10663.-1,,900,0.67,0.13111111111111112,118,0.652542372881356,77,0.948051948051948,0.07792207792207792,6,27.115285625536192,0.6103896103896104,0.4805194805194805,37,0.710131639104542,0.025974025974025976,116.70206264323912,0.41626516883116876,0.8831168831168831,1.0,"['2.5.1.18', '2.4.1.250', '2.8.1.7', '2.7.1.23', '2.7.1.-; 2.7.1.59', '2.7.1.-; 2.7.1.59', '2.8.1.7', '3.5.1.2; 4.3.2.10', '3.1.26.4', '2.8.1.7', '2.7.1.-; 2.7.1.59', '2.8.1.7', '2.5.1.18', '3.7.1.14', '3.5.1.9', '2.7.4.9', '1.-.-.-; 3.1.1.2', '2.7.1.-; 2.7.1.59', '1.1.1.202', '2.7.1.6', '2.7.1.-; 2.7.1.59', '7.3.2.2', '2.7.1.-; 2.7.1.59', '4.6.1.1', '1.2.1.5', '2.8.1.7', '2.8.1.7', '7.3.2.4', '1.-.-.-; 3.1.1.2', '2.1.1.77', '2.8.1.7', '2.8.1.7', '2.4.1.18', '4.1.2.42', '2.5.1.18', '2.8.1.7', '2.6.1.9', '3.6.4.12', '2.7.1.-; 2.7.1.59', '2.8.1.7', '2.7.1.-; 2.7.1.59', '1.3.1.100', '2.7.11.17', '1.2.1.3', '1.1.1.100', '1.1.1.26', '2.8.1.7', '2.5.1.18', '2.5.1.18', '2.7.1.-; 2.7.1.59', '2.7.1.-; 2.7.1.59', '2.8.1.7', '1.14.15.11', '2.5.1.18', '1.1.1.100', '2.2.1.1', '2.8.1.7', '2.8.1.7', '2.4.1.227', '2.5.1.-; 2.5.1.1; 2.5.1.10; 2.5.1.29', '2.8.1.7', '2.8.1.7', '5.3.1.6', '1.14.14.1', '3.1.26.4', '2.6.1.9', '2.3.1.180', '2.5.1.90', '7.2.2.20', '3.1.26.4', '2.7.1.-; 2.7.1.59', '2.7.1.-; 2.7.1.59', '1.1.1.95', '2.7.7.87', '2.7.7.7', '2.8.1.7', '4.3.3.7']",34,439,,0.9999999403953552,0.9999999403953552
ec+tax-swissprot-lowbacteria_20240824-202511,ba11000,2.7.11.1,2.1224.1236.2887326.468.469.470,train_common,900,0.5266666666666666,0.35555555555555557,320,0.703125,225,0.5022222222222222,0.013333333333333334,3,0.9412384473197782,0.7911111111111111,0.7333333333333333,165,1.083750447426211,0.008888888888888889,7.849094412331406,0.5342313777777777,0.8044444444444444,0.9911111111111112,"['2.7.1.48', '4.3.2.1', '2.8.1.7', '7.4.2.6', '6.3.4.14', '3.3.2.10', '4.1.1.36; 6.3.2.5', '4.1.1.36; 6.3.2.5', '3.1.-.-; 3.1.3.7', '2.7.1.17', '1.14.13.-', '1.1.1.100', '2.7.1.24', '2.6.99.2', '2.7.1.48', '6.2.1.2', '2.6.1.11', '2.2.1.6', '7.1.2.2', '2.3.1.234', '1.1.1.100', '2.4.2.17', '3.1.21.10', '1.1.1.-', '3.6.1.-', '2.4.2.28', '1.3.1.54', '7.4.2.6', '2.7.1.48', '3.4.22.-; 3.5.1.124', '4.2.1.46', '6.3.4.19', '2.3.1.234', '1.1.1.411', '1.4.3.21; 1.4.3.4', '2.7.1.2', '2.4.2.28', '2.10.1.1', '3.6.1.9', '2.7.1.165', '2.1.1.72', '1.1.1.26', '6.2.1.16', '2.6.99.2', '1.8.1.9', '1.1.1.157', '2.7.1.48', '2.7.2.8', '1.1.1.425', '2.7.1.-; 2.7.1.17', '6.3.5.3', '6.1.1.14', '4.3.2.1', '1.1.1.108', '1.5.3.13', '3.1.1.29', '2.3.1.234', '6.1.1.2', '3.5.1.3', '1.3.1.54', '1.2.1.3', '1.2.1.38', '1.1.1.408', '2.4.2.28', '1.1.-.-', '2.2.1.2', '1.1.1.408', '2.7.7.27', '1.1.1.18', '1.11.1.24', '2.5.1.143', '1.1.1.408', '3.6.1.9', '1.1.1.108', '2.5.1.75', '7.4.2.6', '2.7.1.48', '2.7.1.17', '4.2.1.3', '1.8.4.11', '1.12.1.3', '7.4.2.6', '1.1.1.179; 1.3.1.20', '1.3.1.106', '1.1.1.27', '3.1.4.-', '1.1.1.-', '2.4.2.28', '2.5.1.55', '2.3.3.21', '3.1.3.11; 3.1.3.2', '3.6.1.9', '2.5.1.61', '4.4.1.25', '1.1.1.37', '1.1.1.-', '1.1.1.-', '6.3.4.14', '4.2.1.46', '1.5.99.4', '2.7.1.48', '6.3.5.2', '3.1.13.-; 3.1.3.97', '4.1.1.36; 6.3.2.5', '3.1.21.10', '4.2.1.116', '3.6.-.-', '1.1.1.169', '1.1.1.425', '7.4.2.6', '2.7.2.1', '2.1.1.182', '2.4.1.15; 2.4.1.347', '4.2.1.17', '2.6.99.2', '6.1.1.2', '1.1.1.425', '3.6.1.1', '1.1.1.408', '1.1.1.374', '7.4.2.6', '2.4.2.28', '4.1.1.36; 6.3.2.5', '6.3.4.14', '1.1.1.169', '1.1.1.40', '1.3.3.4', '6.1.1.2', '2.3.1.-; 2.3.1.286; 2.4.2.-', '7.4.2.6', '1.1.-.-', '3.1.3.97', '2.5.1.129', '2.7.1.24', '1.1.1.100', '1.1.1.184', '3.5.99.5', '2.7.7.38', '1.1.1.-', '2.1.2.11', '1.1.1.-', '1.1.1.425', '5.1.1.3', '2.7.1.2', '2.1.1.182', '1.3.1.14', '6.3.5.7', '1.5.1.2', '2.7.1.48', '1.1.1.100', '2.7.1.48', '1.14.11.17', '2.4.2.28', '3.6.1.54', '2.5.1.129', '2.7.1.48', '1.1.1.-', '2.7.1.48', '2.7.11.1', '1.1.1.-', '1.1.1.-', '4.2.1.116', '2.7.11.1', '2.7.1.45', '1.1.1.394', '4.1.1.36; 6.3.2.5', '2.5.1.15', '2.7.11.1', '3.6.1.9', '5.1.1.3', '2.7.1.5', '6.1.1.16', '3.1.13.-; 3.1.3.97', '2.5.1.143', '4.2.1.10', '1.3.1.54', '3.6.5.2', '1.3.1.-', '3.1.3.45', '1.1.1.-; 1.1.1.283', '1.3.1.54', '1.11.1.24', '1.3.3.15', '3.1.21.10', '6.3.4.18', '6.3.4.14', '1.14.99.-; 1.14.99.44', '2.7.1.48', '1.2.1.38', '7.4.2.6', '1.14.13.222', '3.2.1.21', '1.2.1.85', '2.7.1.71', '2.6.1.11', '3.6.1.9', '1.17.7.3', '1.3.1.54', '3.1.-.-; 3.1.3.7', '2.5.1.19', '7.4.2.6', '2.7.1.48', '6.1.1.15', '1.1.1.-', '2.7.1.48', '2.5.1.7', '1.1.1.157', '1.1.1.25', '1.1.1.157', '2.7.1.24', '6.3.5.-', '2.7.1.-; 2.7.1.17', '7.4.2.6', '1.17.7.3', '1.14.13.113', '1.4.3.2', '3.1.21.10', '1.2.1.-', '3.6.1.9', '2.4.2.17', '1.1.1.100', '2.7.1.48', '1.2.1.27', '2.5.1.129', '2.6.99.2']",173,2164,,1.0,1.0
ec+tax-swissprot-lowbacteria_20240824-202511,ba11000,2.7.11.1,2157.2283796.183967.2301.46630.46631.46632,train_common,900,0.5811111111111111,0.37,333,0.7747747747747747,258,0.7015503875968992,0.003875968992248062,1,0.2736158277092378,0.7790697674418605,0.6124031007751938,158,0.905034728823157,0.003875968992248062,3.422570237935206,0.49171157364341084,0.751937984496124,0.9961240310077519,"['2.7.2.2', '1.1.1.169', '2.7.1.12', '1.1.1.169', '1.14.13.8; 1.6.3.1', '6.3.2.13', '1.4.1.21', '1.1.1.26', '2.7.1.12', '1.2.1.38', '5.1.3.2', '2.1.1.196', '1.1.1.18', '2.7.2.2', '2.7.7.38', '1.1.1.425', '3.6.1.15', '2.7.2.2', '1.6.5.9', '4.1.3.4', '1.14.13.211', '2.7.2.2', '2.3.1.234', '3.1.1.96', '5.1.3.2', '2.3.1.234', '2.8.3.19', '1.1.1.-; 1.1.1.391', '2.7.1.-; 2.7.1.59', '2.7.1.167; 2.7.7.70', '1.1.1.245', '2.7.2.2', '1.1.1.77', '3.1.2.6', '6.3.4.5', '2.7.7.18', '1.1.1.184', '3.1.1.96', '1.4.99.-', '1.8.1.9', '2.4.2.28', '1.1.1.169', '2.7.2.2', '1.1.1.169', '1.1.1.374', '5.4.99.18', '2.7.6.1', '2.4.2.28', '1.14.13.8; 1.6.3.1', '1.1.1.169', '2.7.2.2', '1.1.1.169', '5.1.3.2', '2.4.1.83', '1.1.1.25', '5.1.3.2', '2.3.1.191', '3.6.1.-', '2.7.2.2', '2.7.2.2', '1.2.1.38', '1.14.13.222', '2.7.1.23', '1.4.3.19', '1.1.1.374', '1.1.1.169', '2.3.1.234', '2.7.11.1', '2.7.2.2', '2.7.2.2', '1.1.1.169', '1.8.1.9', '2.7.2.2', '5.1.3.2', '3.1.3.16', '5.2.1.8', '1.8.1.4', '2.7.2.2', '1.1.1.401', '3.5.4.33', '3.6.1.9', '1.1.1.300', '1.4.99.-', '1.8.1.4', '1.14.99.-; 1.14.99.44', '2.1.1.-; 2.1.1.171', '2.4.2.28', '1.1.1.94', '2.7.2.2', '2.1.1.-; 2.1.1.171', '2.7.7.18', '2.6.99.2', '1.4.3.19', '1.2.1.38', '5.1.1.13; 5.1.1.3', '7.1.2.2', '2.7.2.2', '4.1.2.13', '1.1.1.94', '6.3.2.9', '1.2.1.38', '2.7.2.2', '2.7.2.2', '4.2.1.150', '1.3.99.29', '2.4.1.227', '2.7.11.22; 2.7.11.23', '1.1.99.14', '1.1.1.169', '2.7.2.2', '1.17.7.3', '2.7.2.2', '7.4.2.6', '1.1.1.290', '1.14.13.8; 1.6.3.1', '1.14.19.55', '2.7.2.2', '1.5.1.40', '2.4.1.83', '2.7.2.2', '5.6.2.1', '5.1.1.13', '2.5.1.61', '2.8.1.7', '1.1.1.136', '2.5.1.129', '2.7.1.30', '2.1.1.163; 2.1.1.201', '2.5.1.75', '2.7.2.2', '2.7.1.24', '1.2.1.38', '1.1.1.25', '2.7.2.2', '1.2.1.38', '2.7.7.38', '1.11.1.1', '1.1.1.-; 1.1.1.14; 1.1.1.9', '2.4.2.28', '2.4.1.250', '2.7.2.2', '1.1.1.60', '2.7.2.2', '1.1.1.374', '1.4.3.19', '2.7.2.2', '1.1.1.374', '2.7.1.-; 2.7.1.59', '2.7.7.38', '2.7.2.2', '1.1.1.169', '1.1.1.60', '1.1.1.22', '1.1.1.374', '2.4.2.28', '2.7.2.2', '1.1.1.18', '1.3.99.28', '2.7.2.2', '2.7.2.2', '5.1.3.2', '7.4.2.6', '3.4.19.5', '1.8.1.4', '2.7.11.22', '3.1.1.96', '1.1.1.374', '3.1.26.3', '1.2.1.38', '3.1.1.29', '2.7.4.3', '1.1.99.1; 1.2.1.8', '2.7.2.2', '1.1.1.374', '3.1.1.29', '1.1.1.27', '1.1.1.108', '3.6.1.1', '1.1.1.374', '3.2.2.27', '1.6.5.9', '1.6.5.9', '2.4.2.28', '1.2.1.103', '3.1.1.96', '2.4.2.28', '1.2.1.38', '2.7.2.2', '2.5.1.129', '1.1.1.100', '2.7.2.2', '4.2.1.116', '3.6.1.9', '1.1.1.290', '1.1.5.3', '6.3.4.18', '1.2.1.38', '1.14.13.8; 1.6.3.1', '2.7.2.2', '3.1.1.29', '1.1.1.374', '3.1.1.96', '2.3.1.255; 2.3.1.258', '2.7.2.2', '3.1.-.-; 3.1.3.7', '1.1.1.292', '2.7.2.2', '2.7.1.59', '2.7.2.2', '6.5.1.2', '1.1.1.100', '2.7.2.2', '2.1.1.-; 2.1.1.171', '2.4.2.28', '2.7.1.8', '2.7.8.28', '2.3.1.267', '6.2.1.3', '1.1.1.60', '2.7.2.2', '1.14.13.222', '2.7.4.9', '1.1.1.108', '2.7.2.2', '1.1.1.300', '2.7.4.3', '1.1.1.169', '2.2.1.6', '1.3.99.29', '3.1.3.16', '2.7.7.72', '2.3.1.234', '1.14.13.8; 1.6.3.1', '7.6.2.10', '1.2.1.11', '1.3.7.11', '2.7.2.2', '2.7.2.2', '2.7.7.3', '2.5.1.143', '2.7.2.2', '2.2.1.6', '2.7.2.2', '2.4.2.28', '1.3.99.29', '2.3.1.180', '2.4.2.1', '2.7.2.2', '1.1.1.290', '6.3.5.7', '6.3.4.5', '1.2.1.38', '1.14.13.8; 1.6.3.1', '6.1.1.9', '5.1.3.2', '1.1.1.290', '1.2.1.38', '1.2.1.38']",173,2164,,1.0,1.0
ec+tax-swissprot-lowbacteria_20240824-202511,ba11000,2.7.11.1,2759.4890.147550.5125.5129.5543.51453,train_common,900,0.07333333333333333,0.035555555555555556,32,0.71875,23,1.0434782608695652,0.08695652173913043,2,6.1385116129550745,0.8695652173913043,0.5652173913043478,13,0.8353017282534037,0.08695652173913043,76.78461925106811,0.4824103913043479,1.0,1.0,"['1.3.8.1', '2.7.1.71', '2.7.11.11', '2.7.11.24', '1.14.14.137', '7.1.2.2', '2.7.11.1', '4.2.99.18', '3.5.1.16', '2.3.1.267', '3.5.1.16', '2.7.1.2', '2.1.1.182', '1.1.1.100', '6.3.4.18', '2.7.1.17', '2.8.3.-', '2.1.2.2', '2.7.11.1', '1.5.1.2', '1.2.1.38', '1.3.98.6', '6.2.1.3']",173,2164,,1.0,1.0
ec+tax-swissprot-lowbacteria_20240824-202511,ba11000,2.7.11.1,10239.2731618.2731619.-1.2946170.10663.-1,train_common,900,0.16,0.03888888888888889,35,0.6,21,0.6666666666666666,0.047619047619047616,1,3.361565883284922,0.7142857142857143,0.47619047619047616,10,0.7037340567702668,0.0,0.0,0.4272761428571429,1.0,1.0,"['2.1.1.182', '1.1.1.179; 1.3.1.20', '3.6.4.-', '3.6.1.-', '3.1.26.3', '1.1.1.385', '4.1.3.-', '3.2.1.21', '3.6.4.12', '5.1.1.13; 5.1.1.3', '7.6.2.14', '2.8.1.7', '3.6.-.-', '4.2.1.116', '2.1.1.163; 2.1.1.201', '2.7.11.1', '5.3.1.6', '2.7.11.24', '2.7.1.24', '7.6.2.11', '2.7.2.3']",173,2164,,1.0,1.0
ec+tax-swissprot-lowbacteria_20240824-202511,ba11000,3.1.3.48,2.1224.1236.2887326.468.469.470,,900,0.5911111111111111,0.4122222222222222,371,0.5795148247978437,215,0.5534883720930233,0.0,0,0.0,0.8418604651162791,0.772093023255814,166,1.1410311264656512,0.0,0.0,0.5658506511627908,0.7116279069767442,0.9069767441860465,"['2.4.2.7', '3.9.1.2', '6.2.1.13', '6.1.1.15', '5.1.1.3', '2.1.1.182', '4.2.1.46', '3.1.3.-; 3.1.3.104', '3.1.3.23', '5.1.1.3', '1.3.98.6', '2.1.1.297', '3.1.3.23', '1.2.1.70', '3.4.13.21', '2.8.1.1', '1.1.1.85', '7.4.2.6', '3.6.5.-', '2.1.3.15', '5.5.1.4', '2.1.3.2', '1.1.99.14', '5.5.1.4', '2.3.1.286', '7.5.2.7', '6.2.1.48', '6.1.1.20', '2.1.3.15', '4.3.1.19', '2.1.1.182', '1.1.1.27', '5.1.3.14', '2.3.1.286', '1.17.1.8', '1.13.11.2', '5.1.3.2', '2.7.1.12', '5.1.3.2', '2.7.1.23', '5.4.2.11', '3.1.3.18', '3.5.4.33', '5.4.99.64', '5.5.1.4', '7.4.2.6', '6.1.1.10', '2.8.3.8', '2.1.3.15', '2.7.1.31', '1.1.-.-', '6.3.4.19', '7.4.2.6', '7.4.2.6', '6.2.1.34', '5.1.3.13', '5.1.1.3', '2.8.3.23', '1.1.1.374', '5.1.3.1', '3.1.3.45', '3.5.1.9', '5.3.2.3', '2.1.3.15', '5.5.1.4', '1.1.1.-', '6.1.1.3', '2.1.2.11', '3.1.11.6', '1.1.1.38', '3.1.3.18', '1.14.19.58', '3.1.3.18', '5.4.99.64', '1.1.1.169', '3.1.3.18', '7.5.2.7', '7.4.2.6', '5.5.1.4', '2.6.1.112', '5.5.1.4', '7.5.2.7', '6.2.1.5', '3.6.5.-', '3.6.5.-', '4.2.1.20', '3.1.3.96', '7.2.2.7', '6.3.2.8', '5.4.99.64', '5.1.3.2', '3.6.5.-', '2.1.3.15', '3.1.3.-; 3.1.3.104', '3.1.3.18', '3.1.3.15; 4.2.1.19', '2.1.2.10', '3.1.3.18', '5.5.1.4', '3.6.5.-', '5.4.99.64', '1.1.1.175', '2.4.2.10', '1.3.99.-', '6.2.1.41', '3.5.99.10', '1.1.1.374', '5.1.3.1', '2.6.1.90', '3.1.3.18', '5.1.1.3', '2.1.1.182', '7.4.2.6', '3.6.5.-', '1.15.1.1', '2.8.3.-', '2.1.1.80', '5.1.1.3', '2.3.3.13', '4.3.2.2', '4.2.1.46', '6.3.2.8', '4.2.1.46', '1.1.1.374', '2.1.1.182', '3.6.5.-', '1.1.1.307', '3.5.1.18', '2.6.1.17', '2.7.1.31', '3.6.5.-', '3.5.1.103', '5.5.1.4', '3.4.13.21', '5.1.1.3', '6.2.1.34', '2.1.3.15', '3.1.3.5', '3.6.5.-', '2.5.1.3', '2.4.1.305', '2.1.1.177', '5.1.3.1', '2.2.1.6', '2.7.7.7', '3.4.13.21', '2.3.1.180', '4.2.1.33', '3.1.3.-; 3.1.3.104', '1.15.1.1', '3.6.5.-', '7.2.2.4', '2.3.1.286', '6.3.5.7', '2.1.1.182', '2.1.3.15', '2.1.2.11', '2.7.4.23', '2.7.7.27', '3.2.1.21', '1.18.1.2', '7.4.2.6', '3.1.3.97', '3.1.3.18', '3.1.3.45', '3.1.3.18', '2.1.3.15', '5.5.1.4', '7.4.2.6', '6.4.1.3', '3.1.3.18', '4.2.1.46', '3.1.3.104', '3.1.1.61; 3.5.1.44', '3.1.3.15; 4.2.1.19', '5.1.1.3', '5.1.3.2', '7.2.2.4', '2.1.2.11', '3.1.3.18', '2.1.1.198', '2.7.1.31', '3.1.3.18', '3.1.3.18', '5.1.3.1', '7.4.2.6', '1.17.7.4', '2.3.1.16; 2.3.1.9', '2.4.2.8', '3.1.3.3', '5.1.1.3', '7.4.2.6', '7.4.2.6', '1.1.1.-', '3.1.3.18', '5.1.1.3', '5.3.3.-', '1.1.1.374', '2.1.1.177', '1.1.1.425', '3.1.3.18', '4.2.1.1', '6.2.1.17; 6.2.1.2', '3.1.3.18', '3.6.5.-', '2.3.3.16', '6.3.4.19', '3.6.5.-', '1.1.1.262', '6.3.1.5', '3.1.2.30', '4.2.1.46', '5.1.1.3', '3.5.1.2; 4.3.2.10', '7.4.2.6']",70,555,,0.46312373876571655,0.9999998211860657
ec+tax-swissprot-lowbacteria_20240824-202511,ba11000,3.1.3.48,2157.2283796.183967.2301.46630.46631.46632,,900,0.6155555555555555,0.3055555555555556,275,0.5745454545454546,158,0.3924050632911392,0.0,0,0.0,0.7721518987341772,0.5822784810126582,92,0.8605153149874402,0.0,0.0,0.4739423797468354,0.8607594936708861,1.0,"['3.6.1.9', '1.14.13.222', '2.5.1.143', '4.2.1.116', '4.2.1.17', '3.2.2.-; 3.2.2.2; 3.2.2.3; 3.2.2.7', '1.21.98.1', '6.1.1.16', '7.2.2.4', '1.17.1.8', '1.1.1.261', '3.1.3.5', '3.1.3.104', '5.1.1.-; 5.1.1.2', '3.1.11.2', '2.8.1.13', '3.1.3.5', '4.2.1.10', '2.4.2.8', '7.2.2.4', '3.6.5.n1', '4.2.1.116', '2.3.1.-', '7.2.2.-', '7.6.2.11', '2.5.1.19', '2.3.1.266', '2.3.1.255; 2.3.1.258', '6.3.5.7', '6.3.5.7', '2.3.1.-; 2.3.1.57', '7.5.2.6', '2.4.1.-', '7.5.2.6', '6.1.1.1', '2.4.99.23', '3.5.1.42', '6.3.4.19', '4.2.1.116', '2.5.1.143', '3.6.-.-', '2.8.1.7', '1.5.1.3', '2.5.1.143', '2.1.1.170', '6.3.5.2', '3.5.1.10', '2.7.2.1', '2.5.1.143', '6.3.1.2', '2.7.1.167; 2.7.7.70', '2.7.9.3', '1.3.99.-', '1.4.1.21', '3.5.1.105', '3.6.1.66', '2.3.1.255; 2.3.1.258', '3.6.1.66', '2.7.1.167; 2.7.7.70', '5.4.99.64', '2.3.1.57', '2.4.1.83', '2.4.1.83', '3.6.-.-', '6.4.1.1', '3.6.1.9', '1.14.13.222', '2.1.2.9', '3.1.11.2; 4.2.99.18', '6.1.1.16', '2.7.1.167; 2.7.7.70', '4.2.1.116', '3.5.1.88', '1.1.1.374', '4.2.3.4', '2.7.1.167; 2.7.7.70', '5.1.99.1', '2.3.1.255; 2.3.1.258', '2.3.1.266', '3.6.-.-', '2.5.1.19', '7.6.2.11', '1.1.1.169', '1.1.1.18', '2.7.1.167; 2.7.7.70', '2.3.1.-', '2.3.1.234', '5.4.2.11', '3.4.13.18', '3.1.3.23', '2.6.1.1', '2.4.1.305', '6.1.1.16', '3.1.3.5', '2.7.11.22; 2.7.11.23', '2.4.1.153', '2.3.1.9', '3.1.3.5', '3.5.1.10', '6.1.1.16', '4.2.1.116', '2.7.7.7', '1.1.1.374', '2.7.1.167; 2.7.7.70', '4.2.1.150', '2.4.1.-', '2.7.7.7', '1.1.1.26', '7.4.2.6', '3.1.11.2; 4.2.99.18', '2.7.1.167; 2.7.7.70', '2.4.1.342', '3.1.3.5', '6.3.4.14', '3.5.4.28; 3.5.4.31; 3.5.4.4; 3.5.4.41', '3.1.3.5', '2.4.1.54', '2.5.1.72', '1.1.1.179', '2.5.1.3', '1.17.1.4', '2.5.1.3', '2.4.1.83', '2.3.1.255; 2.3.1.258', '1.14.13.249', '2.4.2.10', '2.6.1.85; 4.1.3.27', '1.1.1.374', '1.1.1.95', '7.2.2.16', '3.1.3.5', '1.1.1.103', '3.1.3.3', '2.1.1.250', '2.7.1.167; 2.7.7.70', '2.4.1.83', '6.3.4.14', '2.3.1.29', '3.1.3.5', '3.1.-.-; 3.1.3.7', '1.1.1.26', '1.4.1.16', '3.6.-.-', '2.3.1.286', '2.3.1.255; 2.3.1.258', '1.1.1.374', '4.3.1.3', '2.7.1.167; 2.7.7.70', '4.2.3.1', '1.17.1.4', '2.5.1.75', '2.1.3.2', '2.1.2.11', '2.1.2.11', '2.7.1.107', '2.4.2.8', '1.1.1.35; 4.2.1.17; 5.1.2.3', '3.1.3.3']",70,555,,0.46312373876571655,0.9999998211860657
ec+tax-swissprot-lowbacteria_20240824-202511,ba11000,3.1.3.48,2759.4890.147550.5125.5129.5543.51453,,900,0.07222222222222222,0.044444444444444446,40,0.75,30,0.9333333333333333,0.0,0,0.0,0.7333333333333333,0.5333333333333333,16,0.7881821435826989,0.0,0.0,0.5743649,0.8666666666666667,0.8666666666666667,"['6.1.1.6', '3.1.3.2; 3.1.3.48', '7.3.2.1', '2.1.1.37', '2.1.2.10', '3.1.3.2; 3.1.3.48', '1.8.4.11', '6.1.1.20', '5.1.3.1', '3.5.4.5', '4.3.99.3', '2.1.1.37', '2.1.1.198', '2.1.2.10', '2.1.1.37', '2.1.1.37', '3.5.1.1', '2.1.1.37', '2.1.2.10', '3.6.1.1', '2.1.1.37', '4.2.1.17; 5.3.3.8', '2.1.1.37', '3.1.3.2; 3.1.3.48', '3.1.3.2; 3.1.3.48', '3.5.4.2', '3.1.3.2; 3.1.3.48', '2.7.7.60', '3.1.3.2; 3.1.3.48', '6.3.2.12; 6.3.2.17']",70,555,,0.9999998211860657,0.9999998211860657
ec+tax-swissprot-lowbacteria_20240824-202511,ba11000,3.1.3.48,10239.2731618.2731619.-1.2946170.10663.-1,,900,0.20333333333333334,0.08333333333333333,75,0.56,42,0.38095238095238093,0.0,0,0.0,0.7142857142857143,0.5714285714285714,24,0.8444808681243202,0.0,0.0,0.47109607142857146,0.9047619047619048,1.0,"['2.3.3.21', '3.6.4.12', '2.5.1.19', '2.1.1.107; 4.2.1.75', '1.6.99.1', '2.3.1.180', '3.4.13.18', '2.7.1.26; 2.7.7.2', '2.7.7.87', '1.1.1.-; 1.1.1.283', '3.1.1.96', '3.1.3.7', '2.7.7.77', '3.1.3.77', '1.1.1.300', '4.3.3.7', '2.1.3.2', '1.1.1.385', '3.5.1.128', '3.5.2.7', '5.4.3.8', '4.2.1.180', '7.4.2.11', '1.5.1.20; 2.1.1.10', '2.3.3.21', '1.2.1.5', '7.6.2.10', '2.3.3.21', '5.4.99.-; 5.4.99.21', '3.2.1.17; 4.2.2.n1', '3.5.1.116', '6.1.1.1', '2.6.1.16', '2.3.3.21', '6.4.1.3', '2.6.1.1', '7.6.2.10', '2.3.3.21', '5.1.1.13', '3.6.1.1', '3.5.1.3', '2.7.1.35']",70,555,,0.21463143825531006,0.9999998211860657
ec+tax-swissprot-lowbacteria_20240824-202511,ba11000,7.1.1.9,2.1224.1236.2887326.468.469.470,,900,0.8544444444444445,0.74,666,0.93993993993994,626,3.7939297124600637,0.9456869009584664,592,279.97280630061664,0.9856230031948882,0.038338658146964855,24,0.05665846080067324,0.038338658146964855,44.36915480685449,0.9170173849840256,0.054313099041533544,0.08146964856230032,"['7.1.1.9', '7.1.1.9', '7.1.1.9', '7.1.1.9', '7.1.1.9', '7.1.1.9', '7.1.1.9', '7.1.1.9', '7.1.1.9', '7.1.1.9', '7.1.1.9', '7.1.1.9', '7.1.1.9', '7.1.1.9', '7.1.1.9', '7.1.1.9', '7.1.1.9', '7.1.1.9', '7.1.1.9', '7.1.1.9', '7.1.1.9', '7.1.1.9', '7.1.1.9', '7.1.1.9', '7.1.1.9', '7.1.1.9', '7.1.1.9', '7.1.1.9', '7.1.1.9', '7.1.1.9', '7.1.1.9', '7.1.1.9', '7.1.1.9', '7.1.1.9', '7.1.1.9', '7.1.1.9', '7.1.1.9', '7.1.1.9', '2.3.1.20', '7.1.1.9', '7.1.1.9', '7.1.1.9', '7.1.1.9', '7.1.1.9', '7.1.1.9', '7.1.1.9', '7.1.1.9', '7.1.1.9', '7.1.1.9', '7.1.1.9', '7.1.1.9', '2.2.1.6', '7.1.1.9', '7.1.1.9', '7.1.1.9', '7.1.1.9', '7.1.1.9', '7.1.1.9', '7.1.1.9', '7.1.1.9', '7.1.1.9', '7.1.1.9', '7.1.1.9', '7.1.1.9', '7.1.1.9', '7.1.1.9', '7.1.1.9', '7.1.1.9', '7.1.1.9', '7.1.1.9', '7.1.1.9', '7.1.1.9', '7.1.1.9', '7.1.1.9', '7.1.1.9', '7.1.1.9', '7.1.1.9', '7.1.1.9', '3.5.1.108', '7.1.1.9', '7.1.1.9', '1.1.1.-', '7.1.1.9', '7.1.1.9', '7.1.1.9', '7.1.1.9', '7.1.1.9', '7.1.1.9', '7.1.1.9', '7.1.1.9', '7.1.1.9', '7.1.1.9', '7.1.1.9', '7.1.1.9', '7.1.1.9', '7.1.1.9', '7.1.1.9', '7.1.1.9', '7.1.1.9', '7.1.1.9', '7.1.1.9', '7.1.1.9', '7.1.1.9', '7.1.1.9', '7.1.1.9', '7.1.1.9', '7.1.1.9', '7.1.1.9', '2.8.1.7', '7.1.1.9', '7.1.1.9', '7.1.1.9', '7.1.1.9', '7.1.1.9', '7.1.1.9', '7.1.1.9', '7.1.1.9', '7.1.1.9', '7.1.1.9', '7.1.1.9', '7.1.1.9', '7.1.1.9', '7.1.1.9', '7.1.1.9', '7.1.1.9', '7.1.1.9', '7.1.1.9', '7.1.1.9', '7.1.1.9', '7.1.1.9', '7.1.1.9', '7.1.1.9', '7.1.1.9', '7.1.1.9', '7.1.1.9', '7.1.1.9', '7.1.1.9', '7.1.1.9', '7.1.1.9', '7.1.1.9', '7.1.1.9', '7.1.1.9', '7.1.1.9', '2.1.1.207', '7.1.1.9', '7.1.1.9', '7.1.1.9', '7.1.1.9', '7.1.1.9', '7.1.1.9', '7.1.1.9', '7.1.1.9', '7.1.1.9', '7.1.1.9', '7.1.1.9', '7.1.1.9', '7.1.1.9', '7.1.1.9', '7.1.1.9', '7.1.1.9', '7.1.1.9', '7.1.1.9', '7.1.1.9', '7.4.2.10', '7.1.1.9', '7.1.1.9', '7.1.1.9', '7.1.1.9', '7.1.1.9', '7.1.1.9', '7.1.1.9', '7.1.1.9', '7.1.1.9', '7.1.1.9', '7.1.1.9', '7.1.1.9', '7.1.1.9', '7.1.1.9', '7.1.1.9', '1.4.3.-', '1.14.11.17', '7.1.1.9', '7.1.1.9', '7.1.1.9', '7.1.1.9', '7.1.1.9', '7.1.1.9', '7.1.1.9', '7.1.1.9', '7.1.1.9', '7.1.1.9', '7.1.1.9', '7.1.1.9', '7.1.1.9', '7.1.1.9', '7.1.1.9', '7.1.1.9', '7.1.1.9', '4.4.1.5', '7.1.1.9', '7.1.1.9', '7.1.1.9', '7.1.1.9', '7.1.1.9', '7.1.1.9', '7.1.1.9', '7.1.1.9', '7.1.1.9', '7.1.1.9', '6.3.2.13', '7.1.1.9', '7.1.1.9', '7.1.1.9', '7.1.1.9', '7.1.1.9', '7.1.1.9', '7.1.1.9', '7.1.1.9', '7.1.1.9', '7.1.1.9', '7.1.1.9', '7.1.1.9', '7.1.1.9', '7.1.1.9', '3.1.3.105', '7.1.1.9', '7.1.1.9', '7.1.1.9', '7.1.1.9', '7.1.1.9', '7.1.1.9', '7.1.1.9', '7.1.1.9', '7.1.1.9', '7.1.1.9', '7.1.1.2', '7.1.1.9', '7.1.1.9', '7.1.1.9', '7.1.1.9', '7.1.1.9', '7.1.1.9', '7.1.1.9', '7.1.1.9', '7.1.1.9', '7.1.1.9', '7.1.1.9', '7.1.1.9', '7.1.1.9', '7.1.1.9', '7.1.1.9', '7.1.1.9', '7.1.1.9', '7.1.1.9', '7.1.1.9', '7.1.1.9', '7.1.1.9', '7.1.1.9', '7.1.1.9', '2.8.1.7', '7.1.1.9', '2.3.1.129', '7.1.1.9', '7.1.1.9', '7.1.1.9', '7.1.1.9', '7.1.1.9', '7.1.1.9', '3.5.1.108', '7.1.1.9', '7.1.1.9', '7.1.1.9', '7.1.1.9', '7.1.1.9', '7.1.1.9', '7.1.1.9', '7.1.1.9', '7.1.1.9', '7.1.1.9', '7.1.1.9', '7.1.1.9', '7.1.1.9', '7.1.1.9', '7.1.1.9', '7.1.1.9', '7.1.1.9', '7.1.1.9', '7.1.1.9', '7.1.1.9', '7.1.1.-', '7.1.1.9', '7.1.1.9', '7.1.1.9', '7.1.1.9', '7.1.1.9', '7.1.1.9', '7.1.1.9', '7.1.1.9', '7.1.1.9', '7.1.1.9', '7.1.1.9', '7.1.1.9', '7.1.1.9', '7.1.1.9', '7.1.1.9', '7.1.1.9', '7.1.1.9', '7.1.1.9', '7.1.1.9', '7.1.1.9', '7.1.1.9', '7.1.1.9', '7.1.1.9', '7.1.1.9', '6.2.1.34', '7.1.1.9', '7.1.1.9', '7.1.1.9', '7.1.1.9', '7.1.1.9', '7.1.1.9', '7.1.1.9', '7.1.1.9', '7.1.1.9', '7.1.1.9', '7.1.1.9', '7.1.1.9', '7.1.1.9', '7.1.1.9', '7.1.1.9', '7.1.1.9', '7.1.1.9', '7.1.1.9', '7.1.1.9', '7.1.1.9', '7.1.1.9', '7.1.1.9', '7.1.1.9', '7.1.1.9', '7.1.1.9', '2.7.7.8', '7.1.1.9', '7.1.1.9', '7.1.1.9', '7.1.1.9', '7.1.1.9', '7.1.1.9', '7.1.1.9', '2.2.1.6', '7.1.1.9', '7.1.1.9', '7.1.1.9', '7.1.1.9', '7.1.1.9', '7.1.1.9', '7.1.1.9', '7.1.1.9', '7.1.1.9', '7.1.1.9', '7.1.1.9', '7.1.1.9', '7.1.1.9', '7.1.1.9', '7.1.1.9', '7.1.1.9', '7.1.1.9', '7.1.1.9', '7.1.1.9', '7.1.1.9', '7.1.1.9', '2.3.1.129', '7.1.1.9', '7.1.1.9', '7.1.1.9', '7.1.1.9', '7.1.1.9', '7.1.1.9', '7.1.1.9', '7.1.1.9', '7.1.1.9', '7.1.1.9', '7.1.1.9', '7.1.1.9', '7.1.1.9', '7.1.1.9', '7.1.1.9', '7.1.1.9', '7.1.1.9', '7.1.1.9', '7.1.1.9', '7.1.1.9', '7.1.1.9', '7.1.1.9', '7.1.1.9', '7.1.1.9', '7.1.1.9', '7.1.1.9', '7.1.1.9', '7.1.1.9', '7.1.1.9', '7.1.1.9', '7.1.1.9', '7.1.1.9', '7.1.1.9', '7.1.1.9', '7.1.1.9', '7.1.1.9', '7.1.1.9', '7.1.1.9', '7.1.1.9', '7.1.1.9', '5.1.1.7', '7.1.1.9', '7.1.1.9', '7.1.1.9', '7.1.1.9', '7.1.1.9', '7.1.1.9', '2.7.8.13', '7.1.1.9', '7.1.1.9', '7.1.1.9', '7.1.1.9', '7.1.1.9', '7.1.1.9', '7.1.1.9', '7.1.1.9', '3.5.1.108', '7.1.1.9', '7.1.1.9', '7.1.1.9', '7.1.1.9', '7.1.1.9', '7.1.1.9', '7.1.1.9', '7.1.1.9', '7.1.1.9', '7.1.1.9', '7.1.1.9', '7.1.1.9', '7.1.1.9', '7.1.1.9', '7.1.1.9', '7.1.1.9', '7.1.1.9', '7.1.1.9', '7.1.1.9', '7.1.1.9', '7.1.1.9', '7.1.1.9', '4.4.1.5', '7.1.1.9', '7.1.1.9', '7.1.1.9', '7.1.1.9', '7.1.1.9', '7.1.1.9', '7.1.1.9', '7.1.1.9', '7.1.1.9', '7.1.1.9', '7.1.1.9', '7.1.1.9', '7.1.1.9', '7.1.1.9', '7.1.1.9', '7.1.1.9', '7.1.1.9', '7.1.1.9', '7.1.1.9', '7.1.1.9', '7.1.1.9', '3.6.4.13', '7.1.1.9', '7.1.1.9', '7.1.1.9', '7.1.1.9', '7.1.1.9', '7.1.1.9', '7.1.1.9', '7.1.1.9', '2.7.8.33', '7.1.1.9', '7.1.1.9', '7.1.1.9', '7.1.1.9', '7.1.1.9', '3.5.2.3', '7.1.1.9', '7.1.1.9', '7.1.1.9', '7.1.1.9', '7.1.1.9', '7.1.1.9', '7.1.1.9', '7.1.1.9', '7.1.1.9', '7.1.1.9', '7.1.1.9', '7.1.1.9', '7.1.1.9', '7.1.1.9', '7.1.1.9', '7.1.1.9', '7.1.1.9', '7.1.1.9', '7.1.1.9', '7.1.1.9', '7.1.1.9', '7.1.1.9', '7.1.1.9', '7.1.1.9', '7.1.1.9', '7.1.1.9', '1.8.1.4', '7.1.1.9', '7.1.1.9', '7.1.1.9', '7.1.1.9', '7.1.1.9', '7.1.1.9', '2.5.1.-', '7.1.1.9', '7.1.1.9', '7.1.1.9', '7.1.1.9', '7.1.1.9', '7.1.1.9', '7.1.1.9', '7.1.1.9', '7.1.1.9', '7.1.1.9', '7.1.1.9', '7.1.1.9', '7.1.1.9', '7.1.1.9', '7.1.1.9', '7.1.1.9', '7.1.1.9', '7.1.1.9', '7.1.1.9', '7.1.1.9', '7.1.1.9', '7.1.1.9', '7.1.1.9', '7.1.1.9', '7.1.1.9', '7.1.1.9', '7.1.1.9', '7.1.1.9', '7.1.1.9', '7.1.1.9', '7.1.1.9', '7.1.1.9', '7.1.1.9', '7.1.1.9', '7.1.1.9', '7.1.1.9', '7.1.1.9', '7.1.1.9', '7.1.1.9', '7.1.1.9', '7.1.1.9', '7.1.1.9', '7.1.1.9', '7.1.1.9', '7.1.1.9', '7.1.1.9', '7.1.1.9', '7.1.1.9', '2.3.1.20; 2.3.1.75', '7.1.1.9', '7.1.1.9', '7.1.1.9', '7.1.1.9', '7.1.1.9', '7.1.1.9', '7.1.1.9', '7.1.1.9', '7.1.1.9', '7.1.1.9', '7.1.1.9', '7.1.1.9', '7.1.1.9', '7.1.1.9', '7.1.1.9', '7.1.1.9', '7.1.1.9', '7.1.1.9', '7.1.1.9', '7.1.1.9', '7.1.1.9', '7.1.1.9', '7.1.1.9', '7.1.1.9', '7.1.1.9', '7.1.1.9', '7.1.1.9', '3.5.3.8', '7.1.1.9', '7.1.1.9', '7.1.1.9', '7.1.1.9', '7.1.1.9', '7.1.1.9', '7.1.1.9', '7.1.1.9', '7.1.1.9', '7.1.1.9', '7.1.1.9', '7.1.1.9', '7.1.1.9', '7.1.1.9', '7.1.1.9', '7.1.1.9', '3.5.1.108', '7.1.1.9', '7.1.1.9', '7.1.1.9', '7.1.1.9', '3.5.1.108', '7.1.1.9', '7.1.1.9', '7.1.1.9', '7.1.1.9', '7.1.1.9']",132,516,,0.9999999403953552,0.9999999403953552
ec+tax-swissprot-lowbacteria_20240824-202511,ba11000,7.1.1.9,2157.2283796.183967.2301.46630.46631.46632,,900,0.5544444444444444,0.22555555555555556,203,0.8325123152709359,169,1.727810650887574,0.42011834319526625,71,124.37701252236134,0.863905325443787,0.3136094674556213,53,0.46346509182562545,0.13609467455621302,157.50174825174827,0.6223465857988166,0.47928994082840237,0.6272189349112426,"['7.1.1.9', '1.1.1.1', '5.1.99.1', '7.1.1.9', '7.1.1.9', '2.3.1.234', '2.5.1.47', '2.1.1.-; 3.4.23.43', '2.1.1.-; 3.4.23.43', '2.1.1.-; 3.4.23.43', '7.1.1.9', '7.1.1.9', '7.1.1.9', '7.1.1.9', '7.1.1.9', '7.1.1.9', '7.1.1.9', '2.1.1.-; 3.4.23.43', '6.3.5.2', '2.7.7.1', '6.3.5.5', '2.7.1.107', '7.1.1.9', '7.1.1.9', '7.1.1.9', '2.7.1.23', '6.3.5.1', '2.3.1.234', '7.1.1.9', '2.3.1.234', '1.3.1.-', '7.1.1.9', '1.1.1.-; 1.1.1.14; 1.1.1.9', '7.1.1.9', '1.14.14.1', '2.8.1.7', '7.1.1.9', '7.1.1.9', '5.4.2.11', '6.3.2.13', '7.1.1.9', '2.1.1.-; 3.4.23.43', '7.1.1.9', '7.1.1.9', '7.1.1.9', '3.1.3.18', '1.2.1.70', '2.4.1.-', '7.1.1.9', '7.1.1.9', '1.14.14.1', '2.3.1.234', '7.1.1.9', '3.1.4.17', '2.3.1.234', '7.1.1.9', '7.1.1.9', '2.3.1.234', '6.2.1.3', '1.1.1.1', '7.1.1.9', '3.5.4.2', '1.1.1.374', '2.3.1.234', '3.5.4.28; 3.5.4.31; 3.5.4.4; 3.5.4.41', '2.1.2.9', '7.1.1.9', '2.1.1.-; 3.4.23.43', '7.1.1.9', '7.1.1.9', '2.1.2.9', '4.4.1.5', '7.6.2.11', '1.1.1.25', '7.1.1.9', '1.1.1.202', '2.3.1.234', '7.1.1.9', '1.1.1.25', '4.2.1.10', '7.1.1.9', '7.4.2.6', '2.6.1.42', '3.8.1.3', '2.6.1.42', '7.1.1.9', '7.1.1.9', '7.1.1.9', '2.5.1.145', '2.3.1.180', '7.1.1.9', '7.1.1.9', '3.6.1.1', '7.1.1.9', '2.1.2.9', '4.1.1.20', '2.4.1.21', '2.3.1.234', '7.1.1.9', '2.4.1.21', '2.7.8.-', '7.1.1.9', '7.1.1.9', '6.3.2.8', '1.1.1.1', '4.1.2.4', '4.2.1.8', '7.1.1.-', '7.1.1.9', '3.1.13.-; 3.1.3.97', '7.1.1.9', '7.1.1.9', '7.1.1.9', '3.1.2.28', '7.1.1.9', '2.1.1.-', '2.8.1.7', '6.1.1.21', '7.1.1.9', '4.4.1.5', '4.2.99.20', '7.1.1.9', '2.8.1.7', '4.2.1.10', '7.1.1.9', '7.1.1.9', '7.1.1.9', '7.1.1.9', '2.3.1.234', '7.1.1.9', '1.1.1.25', '1.1.1.25', '2.7.7.87', '7.1.1.9', '7.1.1.9', '7.1.1.9', '7.1.1.9', '1.1.1.26', '7.1.1.9', '7.1.1.2', '2.2.1.9', '2.5.1.47', '5.99.1.4', '2.1.1.-; 3.4.23.43', '4.2.1.10', '2.3.1.234', '1.13.11.29', '7.1.1.9', '7.1.1.9', '2.3.1.234', '5.4.2.11', '7.1.1.9', '1.3.98.6', '7.1.1.9', '4.2.1.8', '7.1.1.9', '3.1.26.4', '7.1.1.9', '7.1.1.9', '2.6.1.62', '3.6.4.12', '7.1.1.9', '7.1.1.9', '2.4.1.21', '2.7.1.71', '7.1.1.9', '7.1.1.9', '2.1.1.-; 3.4.23.43', '2.3.1.234']",132,516,,0.9999999403953552,0.9999999403953552
ec+tax-swissprot-lowbacteria_20240824-202511,ba11000,7.1.1.9,2759.4890.147550.5125.5129.5543.51453,,900,0.9611111111111111,0.9555555555555556,860,1.0,860,3.9906976744186045,0.9976744186046511,858,295.36383180097346,0.9988372093023256,0.0011627906976744186,1,0.0017184203711832096,0.0011627906976744186,1.3456923890063426,0.9641829162790698,0.0034883720930232558,0.0034883720930232558,"['7.1.1.9', '7.1.1.9', '7.1.1.9', '7.1.1.9', '7.1.1.9', '7.1.1.9', '7.1.1.9', '7.1.1.9', '7.1.1.9', '7.1.1.9', '7.1.1.9', '7.1.1.9', '7.1.1.9', '7.1.1.9', '7.1.1.9', '7.1.1.9', '7.1.1.9', '7.1.1.9', '7.1.1.9', '7.1.1.9', '7.1.1.9', '7.1.1.9', '7.1.1.9', '7.1.1.9', '7.1.1.9', '7.1.1.9', '7.1.1.9', '7.1.1.9', '7.1.1.9', '7.1.1.9', '7.1.1.9', '7.1.1.9', '7.1.1.9', '7.1.1.9', '7.1.1.9', '7.1.1.9', '7.1.1.9', '7.1.1.9', '7.1.1.9', '7.1.1.9', '7.1.1.9', '7.1.1.9', '7.1.1.9', '7.1.1.9', '7.1.1.9', '7.1.1.9', '7.1.1.9', '7.1.1.9', '7.1.1.9', '7.1.1.9', '7.1.1.9', '7.1.1.9', '7.1.1.9', '7.1.1.9', '7.1.1.9', '7.1.1.9', '7.1.1.9', '7.1.1.9', '7.1.1.9', '7.1.1.9', '7.1.1.9', '7.1.1.9', '7.1.1.9', '7.1.1.9', '7.1.1.9', '7.1.1.9', '7.1.1.9', '7.1.1.9', '7.1.1.9', '7.1.1.9', '7.1.1.9', '7.1.1.9', '7.1.1.9', '7.1.1.9', '7.1.1.9', '7.1.1.9', '7.1.1.9', '7.1.1.9', '7.1.1.9', '7.1.1.9', '7.1.1.9', '7.1.1.9', '7.1.1.9', '7.1.1.9', '7.1.1.9', '7.1.1.9', '7.1.1.9', '7.1.1.9', '7.1.1.9', '7.1.1.9', '7.1.1.9', '7.1.1.9', '7.1.1.9', '7.1.1.9', '7.1.1.9', '7.1.1.9', '7.1.1.9', '7.1.1.9', '7.1.1.9', '7.1.1.9', '7.1.1.9', '7.1.1.9', '7.1.1.9', '7.1.1.9', '7.1.1.9', '7.1.1.9', '7.1.1.9', '7.1.1.9', '7.1.1.9', '7.1.1.9', '7.1.1.9', '7.1.1.9', '7.1.1.9', '7.1.1.9', '7.1.1.9', '7.1.1.9', '7.1.1.9', '7.1.1.9', '7.1.1.9', '7.1.1.9', '7.1.1.9', '7.1.1.9', '7.1.1.9', '7.1.1.9', '7.1.1.9', '7.1.1.9', '7.1.1.9', '7.1.1.9', '7.1.1.9', '7.1.1.9', '7.1.1.9', '7.1.1.9', '7.1.1.9', '7.1.1.9', '7.1.1.9', '7.1.1.9', '7.1.1.9', '7.1.1.9', '7.1.1.9', '7.1.1.9', '7.1.1.9', '7.1.1.9', '7.1.1.9', '7.1.1.9', '7.1.1.9', '7.1.1.9', '7.1.1.9', '7.1.1.9', '7.1.1.9', '7.1.1.9', '7.1.1.9', '7.1.1.9', '7.1.1.9', '7.1.1.9', '7.1.1.9', '7.1.1.9', '7.1.1.9', '7.1.1.9', '7.1.1.9', '7.1.1.9', '7.1.1.9', '7.1.1.9', '7.1.1.9', '7.1.1.9', '7.1.1.9', '7.1.1.9', '7.1.1.9', '7.1.1.9', '7.1.1.9', '7.1.1.9', '7.1.1.9', '7.1.1.9', '7.1.1.9', '7.1.1.9', '7.1.1.9', '7.1.1.9', '7.1.1.9', '7.1.1.9', '7.1.1.9', '7.1.1.9', '7.1.1.9', '7.1.1.9', '7.1.1.9', '7.1.1.9', '7.1.1.9', '7.1.1.9', '7.1.1.9', '7.1.1.9', '7.1.1.9', '7.1.1.9', '7.1.1.9', '7.1.1.9', '7.1.1.9', '7.1.1.9', '7.1.1.9', '7.1.1.9', '7.1.1.9', '7.1.1.9', '7.1.1.9', '7.1.1.9', '7.1.1.9', '7.1.1.9', '7.1.1.9', '7.1.1.9', '7.1.1.9', '7.1.1.9', '7.1.1.9', '7.1.1.9', '7.1.1.9', '7.1.1.9', '7.1.1.9', '7.1.1.9', '7.1.1.9', '7.1.1.9', '7.1.1.9', '7.1.1.9', '7.1.1.9', '7.1.1.9', '7.1.1.9', '7.1.1.9', '7.1.1.9', '7.1.1.9', '7.1.1.9', '7.1.1.9', '7.1.1.9', '7.1.1.9', '7.1.1.9', '7.1.1.9', '7.1.1.9', '7.1.1.9', '7.1.1.9', '7.1.1.9', '7.1.1.9', '7.1.1.9', '7.1.1.9', '7.1.1.9', '7.1.1.9', '7.1.1.9', '7.1.1.9', '7.1.1.9', '7.1.1.9', '7.1.1.9', '7.1.1.9', '7.1.1.9', '7.1.1.9', '7.1.1.9', '7.1.1.9', '7.1.1.9', '7.1.1.9', '7.1.1.9', '7.1.1.9', '7.1.1.9', '7.1.1.9', '7.1.1.9', '7.1.1.9', '7.1.1.9', '7.1.1.9', '7.1.1.9', '7.1.1.9', '7.1.1.9', '7.1.1.9', '7.1.1.9', '7.1.1.9', '7.1.1.9', '7.1.1.9', '7.1.1.9', '7.1.1.9', '7.1.1.9', '7.1.1.9', '7.1.1.9', '7.1.1.9', '7.1.1.9', '7.1.1.9', '7.1.1.9', '7.1.1.9', '7.1.1.9', '7.1.1.9', '7.1.1.9', '7.1.1.9', '7.1.1.9', '7.1.1.9', '7.1.1.9', '7.1.1.9', '7.1.1.9', '7.1.1.9', '7.1.1.9', '7.1.1.9', '7.1.1.9', '7.1.1.9', '7.1.1.9', '7.1.1.9', '7.1.1.9', '7.1.1.9', '7.1.1.9', '7.1.1.9', '7.1.1.9', '7.1.1.9', '7.1.1.9', '7.1.1.9', '7.1.1.9', '7.1.1.9', '7.1.1.9', '7.1.1.9', '7.1.1.9', '7.1.1.9', '7.1.1.9', '7.1.1.9', '7.1.1.9', '7.1.1.9', '7.1.1.9', '7.1.1.9', '7.1.1.9', '7.1.1.9', '7.1.1.9', '7.1.1.9', '7.1.1.9', '7.1.1.9', '7.1.1.9', '7.1.1.9', '7.1.1.9', '7.1.1.9', '7.1.1.9', '7.1.1.9', '7.1.1.9', '7.1.1.9', '7.1.1.9', '7.1.1.9', '7.1.1.9', '7.1.1.9', '7.1.1.9', '7.1.1.9', '7.1.1.9', '7.1.1.9', '7.1.1.9', '7.1.1.9', '7.1.1.9', '7.1.1.9', '7.1.1.9', '7.1.1.9', '7.1.1.9', '7.1.1.9', '7.1.1.9', '7.1.1.9', '7.1.1.9', '7.1.1.9', '7.1.1.9', '7.1.1.9', '7.1.1.9', '7.1.1.9', '7.1.1.9', '7.1.1.9', '7.1.1.9', '7.1.1.9', '7.1.1.9', '7.1.1.9', '7.1.1.9', '7.1.1.9', '7.1.1.9', '7.1.1.9', '7.1.1.9', '7.1.1.9', '7.1.1.9', '7.1.1.9', '7.1.1.9', '7.1.1.9', '7.1.1.9', '7.1.1.9', '7.1.1.9', '7.1.1.9', '7.1.1.9', '7.1.1.9', '7.1.1.9', '7.1.1.9', '7.1.1.9', '7.1.1.9', '7.1.1.9', '7.1.1.9', '7.1.1.9', '7.1.1.9', '7.1.1.9', '7.1.1.9', '7.1.1.9', '7.1.1.9', '7.1.1.9', '7.1.1.9', '7.1.1.9', '7.1.1.9', '7.1.1.9', '7.1.1.9', '7.1.1.9', '7.1.1.9', '7.1.1.9', '7.1.1.9', '7.1.1.9', '7.1.1.9', '7.1.1.9', '7.1.1.9', '7.1.1.9', '7.1.1.9', '7.1.1.9', '7.1.1.9', '7.1.1.9', '7.1.1.9', '7.1.1.9', '7.1.1.9', '7.1.1.9', '7.1.1.9', '7.1.1.9', '7.1.1.9', '7.1.1.9', '7.1.1.9', '7.1.1.9', '7.1.1.9', '7.1.1.9', '7.1.1.9', '7.1.1.9', '7.1.1.9', '7.1.1.9', '7.1.1.9', '7.1.1.9', '7.1.1.9', '7.1.1.9', '7.1.1.9', '7.1.1.9', '7.1.1.9', '7.1.1.9', '7.1.1.9', '7.1.1.9', '7.1.1.9', '7.1.1.9', '7.1.1.9', '7.1.1.9', '7.1.1.9', '7.1.1.9', '7.1.1.9', '7.1.1.9', '7.1.1.9', '7.1.1.9', '7.1.1.9', '7.1.1.9', '7.1.1.9', '7.1.1.9', '7.1.1.9', '7.1.1.9', '7.1.1.9', '7.1.1.9', '7.1.1.9', '7.1.1.9', '7.1.1.9', '7.1.1.9', '7.1.1.9', '7.1.1.9', '7.1.1.9', '7.1.1.9', '7.1.1.9', '7.1.1.9', '7.1.1.9', '7.1.1.9', '7.1.1.9', '7.1.1.9', '7.1.1.9', '7.1.1.9', '7.1.1.9', '7.1.1.9', '7.1.1.9', '7.1.1.9', '7.1.1.9', '7.1.1.9', '7.1.1.9', '7.1.1.9', '7.1.1.9', '7.1.1.9', '7.1.1.9', '7.1.1.9', '7.1.1.9', '7.1.1.9', '7.1.1.9', '7.1.1.9', '7.1.1.9', '7.1.1.9', '7.1.1.9', '7.1.1.9', '7.1.1.9', '7.1.1.9', '7.1.1.9', '7.1.1.9', '7.1.1.9', '7.1.1.9', '7.1.1.9', '7.1.1.9', '7.1.1.9', '7.1.1.9', '7.1.1.9', '7.1.1.9', '7.1.1.9', '7.1.1.9', '7.1.1.9', '1.8.1.4', '7.1.1.9', '7.1.1.9', '7.1.1.9', '7.1.1.9', '7.1.1.9', '7.1.1.9', '7.1.1.9', '7.1.1.9', '7.1.1.9', '7.1.1.9', '7.1.1.9', '7.1.1.9', '7.1.1.9', '7.1.1.9', '7.1.1.9', '7.1.1.9', '7.1.1.9', '7.1.1.9', '7.1.1.9', '7.1.1.9', '7.1.1.9', '7.1.1.9', '7.1.1.9', '7.1.1.9', '7.1.1.9', '7.1.1.9', '7.1.1.9', '7.1.1.9', '7.1.1.9', '7.1.1.9', '7.1.1.9', '7.1.1.9', '7.1.1.9', '7.1.1.9', '7.1.1.9', '7.1.1.9', '7.1.1.9', '7.1.1.9', '7.1.1.9', '7.1.1.9', '7.1.1.9', '7.1.1.9', '7.1.1.9', '7.1.1.9', '7.1.1.9', '7.1.1.9', '7.1.1.9', '7.1.1.9', '7.1.1.9', '7.1.1.9', '7.1.1.9', '7.1.1.9', '7.1.1.9', '7.1.1.9', '7.1.1.9', '7.1.1.9', '7.1.1.9', '7.1.1.9', '7.1.1.9', '7.1.1.9', '7.1.1.9', '7.1.1.9', '7.1.1.9', '7.1.1.9', '7.1.1.9', '7.1.1.9', '7.1.1.9', '7.1.1.9', '7.1.1.9', '7.1.1.9', '7.1.1.9', '7.1.1.9', '7.1.1.9', '7.1.1.9', '7.1.1.9', '7.1.1.9', '7.1.1.9', '7.1.1.9', '7.1.1.9', '7.1.1.9', '7.1.1.9', '7.1.1.9', '7.1.1.9', '7.1.1.9', '7.1.1.9', '7.1.1.9', '7.1.1.9', '7.1.1.9', '7.1.1.9', '7.1.1.9', '7.1.1.9', '7.1.1.9', '7.1.1.9', '7.1.1.9', '7.1.1.9', '7.1.1.9', '7.1.1.9', '7.1.1.9', '7.1.1.9', '7.1.1.9', '7.1.1.9', '7.1.1.9', '7.1.1.9', '7.1.1.9', '7.1.1.9', '7.1.1.9', '7.1.1.9', '7.1.1.9', '7.1.1.9', '7.1.1.9', '7.1.1.9', '7.1.1.9', '7.1.1.9', '7.1.1.9', '7.1.1.9', '7.1.1.9', '7.1.1.9', '7.1.1.9', '7.1.1.9', '7.1.1.9', '7.1.1.9', '7.1.1.9', '7.1.1.9', '7.1.1.9', '7.1.1.9', '7.1.1.9', '7.1.1.9', '7.1.1.9', '7.1.1.9', '7.1.1.9', '7.1.1.9', '7.1.1.9', '7.1.1.9', '7.1.1.9', '7.1.1.9', '7.1.1.9', '7.1.1.9', '7.1.1.9', '7.1.1.9', '7.1.1.9', '7.1.1.9', '7.1.1.9', '7.1.1.9', '7.1.1.9', '7.1.1.9', '7.1.1.9', '7.1.1.9', '7.1.1.9', '7.1.1.9', '7.1.1.9', '7.1.1.9', '7.1.1.9', '7.1.1.9', '7.1.1.9', '7.1.1.9', '7.1.1.9', '7.1.1.9', '7.1.1.9', '7.1.1.9', '7.1.1.9', '7.1.1.9', '7.1.1.9', '7.1.1.9', '7.1.1.9', '7.1.1.9', '7.1.1.9', '7.1.1.9', '7.1.1.9', '7.1.1.9', '7.1.1.9', '7.1.1.9', '7.1.1.9', '7.1.1.9', '7.1.1.9', '7.1.1.9', '7.1.1.9', '7.1.1.9', '7.1.1.9', '7.1.1.9', '7.1.1.9', '7.1.1.9', '7.1.1.9', '7.1.1.9', '7.1.1.9', '7.1.1.9', '7.1.1.9', '7.1.1.9', '7.1.1.9', '7.1.1.9', '7.1.1.9', '7.1.1.9', '7.1.1.9', '7.1.1.9', '7.1.1.9', '7.1.1.9', '7.1.1.9', '7.1.1.9', '7.1.1.9', '7.1.1.9', '7.1.1.9', '7.1.1.9', '7.1.1.9', '7.1.1.9', '7.1.1.9', '7.1.1.9', '7.1.1.9', '7.1.1.9', '7.1.1.9', '7.1.1.9', '7.1.1.9', '7.1.1.9', '7.1.1.9', '7.1.1.9', '7.1.1.9', '7.1.1.9', '7.1.1.9', '7.1.1.9', '7.1.1.9', '7.1.1.9', '7.1.1.9', '7.1.1.9', '7.1.1.9', '7.1.1.9', '7.1.1.9', '7.1.1.9', '7.1.1.9', '7.1.1.9', '7.1.1.9', '7.1.1.9', '7.1.1.9', '7.1.1.9', '7.1.1.9', '7.1.1.9', '7.1.1.9', '7.1.1.9', '7.1.1.9', '7.1.1.9', '7.1.1.9', '7.1.1.9', '7.1.1.9', '7.1.1.9', '7.1.1.9', '7.1.1.9', '7.1.1.9', '7.1.1.9', '7.1.1.9', '7.1.1.9', '7.1.1.9', '7.1.1.9', '7.1.1.9', '7.1.1.9', '7.1.1.9', '7.1.1.9', '7.1.1.9', '7.1.1.9', '7.1.1.9', '7.1.1.9', '7.1.1.9', '7.1.1.9', '7.1.1.9', '7.1.1.9', '7.1.1.9', '7.1.1.9', '7.1.1.9', '7.1.1.9', '7.1.1.9', '7.1.1.9', '7.1.1.9', '7.1.1.9', '7.1.1.9', '7.1.1.9', '7.1.1.9', '7.1.1.9', '7.1.1.9', '7.1.1.9', '7.1.1.9', '7.1.1.9', '7.1.1.9', '7.1.1.9', '7.1.1.9', '7.1.1.9', '7.1.1.9', '7.1.1.9', '7.1.1.9', '7.1.1.9', '7.1.1.9', '7.1.1.9', '7.1.1.9', '7.1.1.9', '7.1.1.9', '7.1.1.9', '7.1.1.9', '7.1.1.9', '7.1.1.9', '7.1.1.9', '7.1.1.9', '7.1.1.9', '7.1.1.9', '7.1.1.9', '7.1.1.9', '7.1.1.9', '7.1.1.9', '7.1.1.9', '7.1.1.9', '7.1.1.9', '1.1.1.300', '7.1.1.9', '7.1.1.9', '7.1.1.9', '7.1.1.9', '7.1.1.9', '7.1.1.9', '7.1.1.9', '7.1.1.9', '7.1.1.9', '7.1.1.9', '7.1.1.9', '7.1.1.9', '7.1.1.9', '7.1.1.9', '7.1.1.9', '7.1.1.9', '7.1.1.9', '7.1.1.9', '7.1.1.9', '7.1.1.9', '7.1.1.9', '7.1.1.9', '7.1.1.9', '7.1.1.9', '7.1.1.9', '7.1.1.9', '7.1.1.9', '7.1.1.9', '7.1.1.9', '7.1.1.9', '7.1.1.9', '7.1.1.9', '7.1.1.9', '7.1.1.9', '7.1.1.9', '7.1.1.9', '7.1.1.9', '7.1.1.9', '7.1.1.9', '7.1.1.9', '7.1.1.9', '7.1.1.9', '7.1.1.9', '7.1.1.9', '7.1.1.9', '7.1.1.9', '7.1.1.9', '7.1.1.9', '7.1.1.9', '7.1.1.9', '7.1.1.9', '7.1.1.9', '7.1.1.9', '7.1.1.9', '7.1.1.9', '7.1.1.9']",132,516,,0.9999999403953552,0.9999999403953552
ec+tax-swissprot-lowbacteria_20240824-202511,ba11000,7.1.1.9,10239.2731618.2731619.-1.2946170.10663.-1,,900,0.3211111111111111,0.06,54,0.6851851851851852,37,1.5135135135135136,0.32432432432432434,12,96.01697045883093,0.7027027027027027,0.2972972972972973,11,0.4393582894971126,0.05405405405405406,62.55651105651106,0.540468027027027,0.7027027027027027,0.7837837837837838,"['3.4.11.5', '1.1.1.25', '7.1.1.-', '7.1.1.9', '3.6.1.27', '1.1.1.-; 1.1.1.283', '2.7.1.17', '7.1.1.9', '1.1.1.26', '7.1.1.9', '2.7.2.1', '7.1.1.-', '7.1.1.9', '7.1.1.9', '2.7.1.17', '1.2.99.8', '7.1.1.9', '2.5.1.47', '7.1.1.9', '2.7.2.1', '3.1.3.10', '7.1.1.9', '3.6.1.9', '5.3.1.6', '7.1.1.9', '1.14.14.83', '1.14.14.1', '7.1.1.9', '1.1.1.25', '7.1.1.9', '4.3.1.27', '1.14.14.1', '2.6.1.11', '2.7.7.7', '7.1.1.9', '7.1.3.1', '4.1.1.48']",132,516,,0.9999999403953552,0.9999999403953552
ec+tax-swissprot-lowbacteria_20240824-202511,ba11000,2.7.7.6,2.1224.1236.2887326.468.469.470,train_common,900,0.5733333333333334,0.27,243,0.7283950617283951,177,0.192090395480226,0.0,0,0.0,0.8022598870056498,0.711864406779661,126,1.0520227763921617,0.0,0.0,0.501169,0.7231638418079096,0.9887005649717514,"['3.1.26.4', '3.1.26.4', '2.5.1.47', '2.4.1.227', '2.2.1.1', '4.2.1.136; 5.1.99.6', '1.2.1.-', '6.3.2.10', '5.1.1.20', '1.2.1.-', '1.12.1.4', '5.1.1.7', '3.1.26.4', '2.6.1.51', '1.12.1.3', '3.1.1.84', '2.5.1.72', '2.8.1.10', '1.2.1.8', '1.2.1.3', '5.1.1.7', '7.1.1.2', '3.1.26.4', '3.1.26.4', '1.12.1.3', '2.4.99.17', '2.6.1.9', '1.2.1.3', '5.1.1.7', '2.2.1.7', '6.3.2.13', '1.2.1.8', '4.2.1.116', '2.8.1.10', '1.2.1.83', '1.1.99.14', '1.2.1.-; 1.2.1.19', '4.3.1.17; 4.3.1.19', '3.4.13.9', '7.1.1.-', '1.2.1.3', '1.1.1.244', '5.1.1.7', '3.5.2.3', '5.1.1.7', '2.6.1.42', '3.1.26.4', '5.1.3.2', '3.1.26.4', '5.4.99.22', '3.1.26.4', '7.6.2.11', '3.5.1.87', '1.1.1.291', '1.3.99.16', '2.6.1.42', '1.2.5.3', '5.1.1.20', '7.5.2.6', '2.8.1.1', '7.2.2.10', '3.1.26.4', '4.2.1.5', '3.1.26.4', '3.4.21.88', '1.1.1.292', '6.1.1.2', '1.2.1.3', '1.2.1.36', '1.12.1.3', '2.8.1.10', '2.8.1.10', '4.4.1.11; 4.4.1.2; 4.4.1.28', '1.2.1.3', '5.3.1.6', '5.3.1.6', '7.6.2.11', '5.4.99.-', '7.1.1.2', '3.1.26.4', '1.8.1.9', '3.1.26.4', '3.8.1.3', '2.6.1.9', '3.1.2.6', '2.7.2.3', '1.1.1.58', '3.1.26.4', '2.5.1.72', '3.5.1.2; 4.3.2.10', '3.1.26.3', '3.6.1.54', '2.4.2.8', '1.1.1.292', '3.1.26.4', '1.2.1.-', '5.1.1.1', '3.1.26.4', '5.1.1.7', '1.12.1.3', '5.5.1.27', '2.8.1.10', '2.7.7.87', '6.3.5.2', '2.8.1.10', '5.5.1.25', '4.1.1.20', '4.2.1.11', '7.1.2.2', '1.2.1.3', '3.1.26.4', '5.1.1.20', '6.3.5.7', '6.3.1.2', '5.5.1.1', '4.2.1.150', '1.2.1.3', '6.1.1.22', '1.5.1.2', '2.4.2.8', '3.1.26.3', '3.1.26.4', '3.1.26.4', '3.1.26.4', '5.3.3.18', '3.6.1.54', '2.1.1.61', '1.4.3.5', '1.12.1.3', '3.6.1.54', '2.6.1.21', '7.2.2.7', '1.2.1.38', '3.1.26.4', '1.12.1.3', '4.3.1.3', '3.1.26.4', '6.3.5.7', '4.2.1.116', '3.1.26.3', '1.1.1.179', '5.1.1.1', '7.1.1.2', '3.1.26.4', '3.1.26.4', '3.1.26.4', '3.1.26.3', '5.3.1.6', '5.1.1.20', '7.4.2.6', '2.4.2.8', '2.6.1.42', '3.1.26.4', '6.1.1.22', '3.1.26.4', '2.4.2.8', '3.1.26.4', '5.1.1.20', '4.2.1.5', '1.1.1.35; 4.2.1.17; 5.1.2.3', '3.1.26.4', '3.5.1.2; 4.3.2.10', '1.2.1.-', '2.4.2.28', '1.17.1.9', '1.1.1.37', '2.4.2.8', '5.4.2.2; 5.4.2.8', '3.1.26.4', '3.1.26.4', '1.17.2.1', '1.2.1.8', '3.1.26.4', '1.2.1.26', '1.1.1.374', '2.4.99.16', '1.2.1.-']",516,894,,0.7915719747543335,1.0000001192092896
ec+tax-swissprot-lowbacteria_20240824-202511,ba11000,2.7.7.6,2157.2283796.183967.2301.46630.46631.46632,train_common,900,0.3488888888888889,0.16,144,0.8263888888888888,119,0.7058823529411765,0.0,0,0.0,0.7394957983193278,0.6890756302521008,82,1.0183445762675627,0.0,0.0,0.5430028235294119,0.5042016806722689,1.0,"['2.5.1.7', '2.5.1.7', '3.5.2.7', '4.2.3.4', '5.3.1.24', '2.4.2.18', '5.1.1.20', '2.5.1.7', '2.5.1.7', '6.3.1.2', '2.7.2.3', '2.5.1.7', '2.5.1.7', '2.5.1.7', '2.5.1.7', '2.4.2.18', '2.5.1.7', '2.5.1.7', '4.3.1.3', '4.2.1.32', '2.5.1.72', '3.5.2.3', '2.5.1.7', '2.5.1.7', '3.5.99.6', '2.5.1.7', '2.5.1.7', '2.5.1.7', '4.1.2.14; 4.1.3.16', '1.1.1.60', '2.7.7.7', '2.7.1.71', '2.5.1.7', '2.6.1.57', '5.3.1.27', '1.12.1.4', '2.8.1.6', '1.2.5.3', '2.5.1.7', '2.7.2.8', '2.5.1.7', '2.5.1.7', '1.17.1.9', '2.4.2.18', '2.5.1.7', '6.3.1.2', '2.5.1.7', '6.1.1.1', '2.5.1.7', '2.5.1.7', '2.5.1.7', '5.1.1.20', '2.5.1.7', '2.6.1.57', '3.5.4.28; 3.5.4.31; 3.5.4.4; 3.5.4.41', '2.7.7.87', '1.2.1.3', '3.6.1.7', '5.3.1.24', '2.6.1.42', '2.5.1.7', '2.5.1.19', '6.3.1.2', '2.5.1.7', '1.1.1.103', '5.1.1.20', '4.3.1.3', '3.5.1.25', '6.3.1.2', '2.5.1.7', '2.5.1.7', '3.5.4.28; 3.5.4.31', '2.5.1.7', '3.5.4.28; 3.5.4.31', '2.4.1.227', '2.5.1.7', '2.5.1.7', '2.5.1.7', '2.4.2.8', '2.4.2.18', '2.4.1.227', '2.5.1.7', '3.6.4.12', '2.5.1.7', '3.1.3.11; 3.1.3.25', '2.5.1.7', '2.5.1.7', '2.5.1.7', '4.1.2.14; 4.1.3.16', '2.7.1.167; 2.7.7.70', '2.6.1.42', '6.3.5.7', '2.5.1.7', '2.5.1.7', '1.1.99.14', '2.5.1.7', '6.3.5.7', '3.5.4.28; 3.5.4.31; 3.5.4.4; 3.5.4.41', '2.5.1.7', '2.5.1.7', '3.6.1.41', '7.2.2.10', '2.5.1.7', '2.6.1.11', '2.5.1.7', '1.12.1.3', '2.4.2.18', '2.5.1.7', '2.4.2.18', '1.1.1.25', '2.5.1.7', '3.5.1.25', '1.12.1.3', '2.5.1.7', '2.5.1.7', '2.5.1.7', '2.5.1.7', '1.2.99.8', '2.5.1.7']",516,894,,0.7915719747543335,1.0000001192092896
ec+tax-swissprot-lowbacteria_20240824-202511,ba11000,2.7.7.6,2759.4890.147550.5125.5129.5543.51453,train_common,900,0.39222222222222225,0.2511111111111111,226,0.8141592920353983,184,0.532608695652174,0.08152173913043478,15,13.930095564633792,0.592391304347826,0.4076086956521739,75,0.6023810540288969,0.016304347826086956,4.826940091001011,0.5500120380434782,0.5380434782608695,0.9293478260869565,"['1.8.1.7', '2.7.7.6', '1.8.1.7', '1.8.1.7', '1.8.1.7', '6.2.1.1; 6.2.1.17', '1.8.1.7', '1.3.1.14', '1.8.1.7', '2.7.7.6', '1.5.1.5; 3.5.4.9', '3.6.4.13', '1.2.1.-', '2.4.2.1', '5.3.1.24', '7.2.2.10', '1.8.1.7', '2.7.7.6', '2.7.7.6', '1.8.1.7', '1.8.1.7', '1.2.1.3', '1.1.1.184', '1.8.1.7', '1.8.1.7', '1.1.1.307', '2.7.7.6', '6.2.1.5', '1.8.1.7', '1.14.14.-', '7.2.2.4', '1.8.1.7', '4.4.1.25', '2.7.2.3', '1.8.1.7', '2.4.2.9', '1.1.1.300', '2.7.7.6', '2.7.7.6', '6.3.5.7', '4.4.1.5', '1.8.1.7', '2.4.99.17', '3.2.1.26', '6.2.1.5', '1.8.1.7', '4.2.1.17', '3.5.4.2', '1.8.1.7', '2.7.7.6', '1.1.1.100', '1.1.1.100', '1.8.1.7', '1.8.1.7', '3.6.1.1', '2.1.3.3', '2.7.7.6', '3.5.2.9', '2.4.2.9', '1.1.1.100', '1.1.1.184', '2.7.7.72; 3.1.3.-; 3.1.4.-', '1.8.1.7', '1.8.1.7', '1.8.1.7', '1.8.1.7', '1.8.1.7', '2.7.7.6', '1.8.1.7', '2.4.2.8', '2.1.3.3', '1.8.1.7', '1.1.1.136', '1.8.1.7', '1.4.3.16', '2.7.11.34', '1.8.1.7', '3.2.1.21', '1.8.1.7', '1.8.1.7', '1.1.1.100', '6.3.1.2', '1.8.1.7', '1.8.1.7', '1.8.1.7', '3.5.2.9', '5.3.3.18', '1.8.1.7', '1.8.1.7', '1.8.1.7', '1.8.1.7', '3.1.26.3', '3.1.26.3', '1.8.1.7', '5.2.1.8', '2.4.99.17', '1.18.1.5', '2.5.1.72', '6.1.1.4', '3.5.2.9', '1.8.1.7', '1.14.14.79; 1.14.14.80', '1.8.1.7', '1.8.1.7', '1.8.1.7', '2.7.7.6', '1.17.7.4', '3.5.2.9', '2.7.7.72', '1.8.1.7', '7.1.1.2', '2.7.7.6', '1.8.1.7', '1.8.1.9', '1.1.5.3', '1.2.1.8', '1.8.1.9', '1.8.1.7', '1.8.1.7', '1.8.1.7', '1.8.1.7', '2.5.1.54', '1.8.1.9', '1.8.1.7', '6.3.2.9', '1.8.1.7', '5.1.3.2', '1.8.1.7', '1.8.1.7', '2.1.1.182', '2.4.99.17', '1.2.7.1', '2.7.7.6', '1.8.1.7', '1.8.1.7', '2.4.2.9', '2.8.1.-', '2.1.1.80', '7.2.2.4', '2.7.7.6', '2.4.2.-; 2.4.2.22', '4.1.2.14; 4.1.3.16', '2.6.1.42', '1.8.1.7', '1.11.1.9', '2.6.1.11', '1.8.1.7', '1.8.1.7', '1.8.1.9', '1.3.99.-', '3.1.26.3', '1.2.1.3', '1.8.1.7', '2.7.7.87', '6.1.1.4', '1.21.98.4', '2.1.3.15', '1.8.1.7', '2.1.3.3', '6.1.1.2', '1.14.13.-', '3.1.1.27', '5.4.99.-', '1.8.1.7', '1.11.1.9', '7.4.2.6', '5.4.2.10', '1.5.5.1', '2.7.11.22', '1.2.1.3', '1.8.1.7', '2.7.7.6', '1.1.1.100', '6.1.1.4', '2.3.1.191', '1.8.1.7', '3.1.26.3', '3.1.26.3', '2.4.2.8', '2.4.2.8', '1.8.1.7', '6.3.1.2', '4.2.1.46', '1.8.1.7']",516,894,,1.0000001192092896,1.0000001192092896
ec+tax-swissprot-lowbacteria_20240824-202511,ba11000,2.7.7.6,10239.2731618.2731619.-1.2946170.10663.-1,train_common,900,0.33111111111111113,0.057777777777777775,52,0.5769230769230769,30,0.13333333333333333,0.0,0,0.0,0.8333333333333334,0.7,21,1.034489063452292,0.0,0.0,0.45015800000000006,0.9333333333333333,1.0,"['6.1.1.16', '3.5.1.16', '6.1.1.16', '1.1.1.25', '6.1.1.16', '1.1.1.-', '4.3.99.3', '2.4.2.18', '2.4.2.18', '3.1.1.85', '3.2.1.21', '1.6.5.5', '1.2.1.3', '4.2.1.116', '1.1.1.26', '3.6.4.12', '6.1.1.16', '1.-.-.-', '5.4.99.-', '1.-.-.-', '6.1.1.16', '7.6.2.14', '1.1.1.-', '2.4.2.18', '6.1.1.16', '1.17.1.9', '1.2.99.8', '7.4.2.6', '4.2.1.150', '2.4.99.24']",516,894,,0.7412533164024353,1.0000001192092896
ec+tax-swissprot-lowbacteria_20240824-202511,ba11000,5.2.1.8,2.1224.1236.2887326.468.469.470,train_common,900,0.65,0.44,396,0.7222222222222222,286,1.6503496503496504,0.3986013986013986,114,38.0097037793667,0.8881118881118881,0.44755244755244755,128,0.6614115890204466,0.2097902097902098,31.35829923501156,0.6115774685314684,0.45104895104895104,0.7412587412587412,"['5.2.1.8', '5.2.1.8', '1.1.1.35; 4.2.1.17; 5.3.3.8', '2.6.1.42', '5.3.3.18', '5.2.1.8', '4.2.1.17', '5.2.1.8', '3.5.2.9', '2.7.7.8', '3.1.3.18', '5.2.1.8', '1.8.1.9', '5.1.3.13', '1.14.13.210', '1.1.1.35; 4.2.1.17; 5.3.3.8', '5.2.1.8', '5.3.3.18', '5.2.1.8', '1.12.1.3', '7.5.2.9', '2.8.1.7', '3.6.5.4', '1.20.4.1', '5.2.1.8', '1.8.1.9', '5.2.1.8', '5.2.1.8', '5.2.1.8', '5.2.1.8', '5.2.1.8', '1.3.99.16', '1.8.1.9', '3.5.2.9', '5.2.1.8', '5.2.1.8', '3.3.2.10', '3.5.1.88', '3.1.3.105', '5.2.1.8', '5.2.1.8', '7.4.2.6', '2.5.1.18', '5.2.1.8', '1.1.1.26', '4.2.1.116', '3.1.3.105', '4.2.1.17', '7.2.2.17', '5.2.1.8', '5.2.1.8', '5.2.1.8', '5.2.1.8', '1.3.99.16', '4.2.1.116', '3.1.2.-; 3.5.1.-; 3.5.1.124', '5.2.1.8', '5.2.1.8', '5.2.1.8', '2.7.1.56', '5.1.3.13', '3.1.3.-; 3.1.3.104', '5.2.1.8', '1.3.1.105', '5.2.1.8', '5.2.1.8', '5.2.1.8', '5.2.1.8', '4.2.1.17', '4.1.99.22', '5.2.1.8', '2.6.1.42', '5.2.1.8', '3.1.3.18', '5.3.3.18', '3.1.3.-; 3.1.3.104', '5.2.1.8', '3.1.3.18', '2.7.2.3', '5.2.1.8', '2.6.1.98', '5.2.1.8', '1.8.1.9', '3.5.2.9', '3.6.1.54', '3.1.3.18', '5.99.1.4', '2.3.3.13', '5.2.1.8', '4.2.1.150', '5.3.1.28', '5.2.1.8', '3.5.1.-', '5.2.1.8', '5.2.1.8', '1.12.1.3', '1.17.1.9', '3.1.3.45', '5.2.1.8', '3.1.3.105', '4.2.1.150', '5.2.1.8', '5.2.1.8', '3.5.4.3', '5.2.1.8', '1.8.1.9', '2.5.1.18', '5.2.1.8', '4.2.1.116', '1.1.1.374', '5.2.1.8', '2.8.1.7', '3.1.3.104', '5.2.1.8', '3.5.1.88', '1.3.99.16', '4.2.1.116', '5.2.1.8', '1.12.1.3', '3.1.26.4', '1.8.1.9', '5.2.1.8', '2.5.1.18', '2.8.1.7', '3.1.1.85', '1.1.5.3', '1.8.1.9', '2.7.8.37', '5.2.1.8', '5.2.1.8', '5.2.1.8', '5.2.1.8', '2.5.1.18', '5.2.1.8', '3.1.1.23', '5.2.1.8', '3.6.-.-', '5.1.1.13', '1.3.99.16', '2.7.7.7', '5.2.1.8', '5.2.1.8', '1.20.4.1', '2.8.1.7', '1.8.1.9', '2.6.1.98', '5.2.1.8', '1.1.1.3', '1.3.99.16', '5.2.1.8', '5.2.1.8', '4.2.1.150', '5.2.1.8', '3.1.3.18', '5.2.1.8', '3.1.1.24', '4.2.1.150', '5.2.1.8', '5.2.1.8', '5.1.3.13', '3.1.3.10', '5.3.3.18', '1.1.1.103', '1.20.4.1', '4.2.1.116', '4.2.1.17', '4.2.1.116', '5.2.1.8', '5.2.1.8', '4.2.1.17', '4.2.1.17', '1.3.99.16', '3.7.1.14', '5.99.1.4', '5.2.1.8', '1.17.1.9', '5.2.1.8', '5.2.1.8', '5.2.1.8', '2.8.1.7', '5.2.1.8', '7.4.2.6', '5.3.3.18', '5.2.1.8', '3.5.1.38', '3.1.3.18', '5.2.1.8', '4.2.1.116', '4.2.1.116', '5.2.1.8', '1.1.1.4', '3.6.1.1', '5.2.1.8', '2.8.1.7', '5.2.1.8', '2.8.1.7', '5.2.1.8', '5.2.1.8', '3.5.2.9', '4.2.1.116', '2.5.1.18', '5.2.1.8', '5.2.1.8', '4.2.1.116', '3.1.3.-; 3.1.3.104', '2.8.1.7', '2.5.1.18', '2.8.1.7', '3.1.26.4', '5.2.1.8', '1.3.99.16', '5.2.1.8', '3.4.13.18', '5.6.1.7', '5.2.1.8', '5.2.1.8', '5.2.1.8', '5.2.1.8', '2.8.1.7', '2.8.1.7', '2.8.1.7', '7.1.1.2', '2.5.1.18', '2.3.3.13', '5.2.1.8', '1.1.1.86', '4.2.1.150', '5.2.1.8', '5.2.1.8', '5.2.1.8', '5.2.1.8', '4.2.1.150', '4.2.1.17', '2.7.1.11', '1.2.1.3', '5.2.1.8', '4.2.1.116', '1.17.1.9', '1.12.1.3', '5.2.1.8', '5.2.1.8', '1.17.1.9', '5.2.1.8', '1.2.1.3', '5.2.1.8', '5.2.1.8', '2.1.2.11', '5.2.1.8', '4.2.1.116', '5.2.1.8', '5.2.1.8', '4.2.1.116', '7.5.2.7', '5.2.1.8', '5.2.1.8', '7.1.1.2', '6.1.1.22', '4.2.1.17', '5.2.1.8', '3.1.3.-; 3.1.3.104', '4.2.1.17', '4.2.1.150', '5.2.1.8', '5.2.1.8', '3.1.3.18', '2.8.1.7', '3.5.1.53', '5.3.3.18', '3.8.1.3', '5.2.1.8', '6.1.1.16', '4.2.1.116', '1.1.1.86', '5.2.1.8', '5.2.1.8', '3.6.1.54', '5.2.1.8', '5.2.1.8', '1.8.1.9', '5.2.1.8', '3.5.1.1', '5.2.1.8', '5.2.1.8', '3.1.3.82', '5.2.1.8', '5.2.1.8']",1022,1602,,1.0,1.0
ec+tax-swissprot-lowbacteria_20240824-202511,ba11000,5.2.1.8,2157.2283796.183967.2301.46630.46631.46632,train_common,900,0.4477777777777778,0.27444444444444444,247,0.7246963562753036,179,0.19553072625698323,0.0223463687150838,4,2.130897830226184,0.7430167597765364,0.6089385474860335,109,0.8999146681268942,0.0223463687150838,3.34021362428801,0.5083190558659217,0.7039106145251397,0.994413407821229,"['1.6.5.5', '5.1.1.1', '1.2.1.3', '5.6.1.7', '5.6.1.7', '3.1.3.104', '7.1.1.1', '2.4.1.-', '1.11.1.9', '1.1.1.26', '5.1.3.13', '5.1.3.13', '2.8.1.1', '4.2.1.150', '1.2.1.5', '3.5.4.28; 3.5.4.31; 3.5.4.4; 3.5.4.41', '4.2.1.46', '3.7.1.14', '5.6.1.7', '4.2.1.150', '2.7.1.36', '3.6.1.66', '4.2.1.150', '4.2.1.156; 4.2.1.42', '7.4.2.9', '3.7.1.8', '1.1.1.29', '2.8.1.7', '7.1.1.1', '1.2.1.3', '1.12.1.3', '2.4.2.29', '2.8.1.7', '4.1.1.20', '1.2.1.3', '7.2.2.10', '4.2.1.17', '3.2.1.21', '1.12.1.3', '4.2.1.116', '2.5.1.-', '3.7.1.8', '3.4.22.-; 3.5.1.124', '2.8.1.7', '2.5.1.19', '1.1.1.-; 1.1.1.283', '1.12.1.3', '2.7.7.7', '3.5.1.2; 4.3.3.6', '1.1.1.170', '1.8.1.9', '1.12.1.3', '4.2.1.116', '5.1.3.14', '2.5.1.6', '2.4.1.343', '5.6.1.7', '2.8.1.7', '2.8.1.7', '2.6.1.1', '2.4.1.343', '2.7.1.2', '4.2.1.150', '3.5.1.108', '2.3.1.274', '3.7.1.17', '2.4.1.-', '3.4.11.5', '7.5.2.7', '2.8.1.7', '4.2.1.116', '1.5.3.24', '2.8.1.7', '5.1.3.13', '5.1.3.13', '5.6.1.7', '1.1.1.425', '7.3.2.2', '6.3.5.2', '2.3.1.274', '1.12.1.3', '3.7.1.25', '1.1.1.157', '3.5.1.2; 4.3.3.6', '2.3.1.274', '2.4.2.8', '2.8.1.7', '4.2.1.150', '2.4.2.28', '4.1.1.114', '2.5.1.7', '2.8.1.7', '5.1.3.13', '3.1.1.1', '1.2.1.3', '5.1.3.14', '1.3.99.-', '2.3.1.274', '2.8.1.7', '4.2.1.150', '1.1.1.103', '4.2.1.150', '1.17.1.9', '4.2.1.17', '3.5.2.5', '5.1.3.13', '4.2.3.4', '1.1.1.216', '1.14.13.-', '2.3.1.274', '2.8.1.7', '2.7.7.-; 2.7.7.73; 2.7.7.80', '2.8.1.7', '1.12.1.3', '2.7.1.12', '2.7.2.3', '2.8.1.7', '1.17.1.9', '5.2.1.8', '2.8.1.7', '1.1.1.103', '5.1.3.2', '4.2.1.150', '1.-.-.-; 3.1.1.2', '4.2.1.17', '1.1.1.95', '2.8.1.7', '2.3.1.274', '5.1.3.13', '2.8.1.7', '1.2.1.3', '3.7.1.13', '4.2.1.5', '4.2.1.150', '2.7.1.24', '2.8.3.13', '2.1.1.331', '3.8.1.5', '2.8.1.7', '2.8.1.7', '4.1.1.45', '3.5.1.-', '4.2.1.116', '5.2.1.8', '5.1.3.13', '1.17.1.9', '3.4.11.5', '1.3.3.4', '1.17.1.9', '3.8.1.5', '2.3.1.180', '1.12.1.3', '4.2.1.150', '2.3.1.274', '4.2.1.116', '3.1.26.4', '4.2.1.116', '1.2.1.3', '5.1.1.20', '5.6.1.7', '1.1.1.90', '3.1.1.1', '2.8.1.7', '3.1.1.72; 3.5.1.-', '2.3.3.13', '3.1.13.-; 3.1.3.97', '4.2.1.116', '3.5.1.-', '3.1.26.4', '1.1.1.9', '5.2.1.8', '1.2.1.-', '2.6.1.11', '2.6.1.-', '4.2.99.20', '2.7.1.71', '3.4.11.5', '4.2.1.150', '5.2.1.8']",1022,1602,,1.0,1.0
ec+tax-swissprot-lowbacteria_20240824-202511,ba11000,5.2.1.8,2759.4890.147550.5125.5129.5543.51453,train_common,900,0.18666666666666668,0.13333333333333333,120,0.8333333333333334,100,2.22,0.55,55,52.44672284644196,0.84,0.24,24,0.35468196461221446,0.13,19.431692759295498,0.6472345899999999,0.53,0.75,"['2.1.2.10', '5.2.1.8', '5.2.1.8', '6.1.1.14', '2.4.2.29', '3.5.4.28; 3.5.4.31', '5.2.1.8', '5.4.99.28; 5.4.99.29', '5.2.1.8', '1.14.13.8; 1.6.3.1', '5.2.1.8', '5.2.1.8', '5.2.1.8', '1.12.1.3', '4.2.1.150', '1.1.1.69', '5.2.1.8', '6.2.1.13', '4.2.1.116', '1.2.1.8', '5.2.1.8', '5.2.1.8', '1.7.1.7', '2.7.4.3', '5.2.1.8', '5.2.1.8', '5.2.1.8', '5.2.1.8', '5.2.1.8', '5.2.1.8', '5.2.1.8', '5.2.1.8', '1.1.1.184', '5.2.1.8', '4.2.1.17', '5.2.1.8', '5.2.1.8', '5.2.1.8', '5.2.1.8', '7.1.1.2', '5.2.1.8', '5.2.1.8', '5.2.1.8', '5.2.1.8', '5.2.1.8', '1.3.1.-', '1.11.1.9', '5.2.1.8', '5.2.1.8', '5.2.1.8', '5.2.1.8', '1.1.1.100', '3.10.1.1', '1.1.1.300; 1.1.1.54', '5.2.1.8', '7.5.2.7', '2.6.1.42', '2.7.1.4', '5.2.1.8', '1.5.5.1', '5.2.1.8', '5.2.1.8', '2.1.2.10', '5.2.1.8', '2.7.1.17', '5.2.1.8', '2.8.1.7', '5.2.1.8', '5.2.1.8', '2.1.2.10', '3.1.3.11; 3.1.3.2', '3.5.1.1', '5.2.1.8', '5.2.1.8', '6.3.5.-', '5.4.1.3', '5.2.1.8', '5.2.1.8', '5.2.1.8', '2.1.2.10', '5.2.1.8', '5.2.1.8', '5.2.1.8', '5.2.1.8', '2.7.1.17', '5.2.1.8', '1.5.1.2', '5.2.1.8', '3.1.13.-; 3.1.3.97', '5.2.1.8', '4.2.1.150', '1.5.1.2', '5.2.1.8', '2.8.4.5', '2.6.1.42', '7.5.2.7', '3.7.1.17; 3.7.1.8', '5.2.1.8', '5.2.1.8', '2.3.3.13']",1022,1602,,1.0,1.0
ec+tax-swissprot-lowbacteria_20240824-202511,ba11000,5.2.1.8,10239.2731618.2731619.-1.2946170.10663.-1,train_common,900,0.21555555555555556,0.10888888888888888,98,0.7551020408163265,74,1.054054054054054,0.24324324324324326,18,23.19511084117826,0.7567567567567568,0.4189189189189189,31,0.6190957715641131,0.08108108108108109,12.119558893531496,0.4955010405405406,0.7702702702702703,0.9864864864864865,"['5.2.1.8', '2.7.9.3', '5.2.1.8', '6.1.1.3', '1.12.1.3', '1.12.1.3', '5.2.1.8', '5.2.1.8', '5.1.3.2', '3.1.1.45', '1.18.1.3', '5.2.1.8', '4.2.1.150', '5.1.3.2', '5.2.1.8', '5.2.1.8', '5.2.1.8', '6.1.1.3', '1.2.1.3', '2.3.1.267', '2.7.11.24', '1.1.1.3', '1.2.1.5', '4.2.1.46', '5.2.1.8', '1.11.1.9', '5.2.1.8', '1.12.1.3', '7.4.2.6', '1.1.1.44', '4.2.1.17', '3.1.1.85', '5.2.1.8', '2.3.1.179', '1.1.1.31', '1.2.99.7', '5.2.1.8', '5.1.3.2', '6.1.1.3', '3.5.1.25', '1.2.1.3', '5.2.1.8', '5.2.1.8', '5.1.3.2', '2.4.99.23', '5.3.3.18', '2.7.9.3', '1.18.1.3', '2.7.9.3', '1.14.13.7', '4.2.1.46', '1.17.1.9', '3.2.1.21', '1.11.1.9', '1.2.1.3', '5.1.3.2', '1.11.1.9', '1.1.1.411', '1.1.1.60', '2.4.1.153', '1.2.1.-; 1.2.1.19; 1.2.1.54', '1.1.1.100', '2.7.4.25', '1.17.1.9', '5.2.1.8', '1.17.1.9', '5.2.1.8', '5.2.1.8', '7.4.2.6', '5.2.1.8', '1.17.1.5', '1.2.1.3', '1.11.1.9', '1.11.1.9']",1022,1602,,1.0,1.0
